...1,density,burn_percentage,directions,ticks
0,1,0.3236245954692557,4,13
2,1,0.16666666666666669,4,13
3,1,0.16583747927031509,4,13
4,1,0.16129032258064516,4,13
5,1,0.6825938566552902,4,13
6,1,0.1567398119122257,4,13
7,1,0.15873015873015872,4,13
8,1,0.78125,4,13
9,1,0.15847860538827258,4,13
10,2,0.16273393002441008,4,13
11,2,0.3103180760279286,4,13
12,2,0.24590163934426232,4,13
13,2,0.15822784810126583,4,13
14,2,0.24429967426710095,4,13
16,2,0.3918495297805642,4,13
17,2,0.16488046166529266,4,13
18,2,0.3937007874015748,4,14
19,2,0.5622489959839357,4,13
20,3,0.21621621621621623,4,13
21,3,0.42238648363252373,4,13
22,3,0.2653927813163482,4,13
25,3,0.3186404673393521,4,13
26,3,0.2616431187859759,4,13
27,3,0.3761418592154755,4,13
28,3,0.20844189682126105,4,13
29,3,0.6305832895428272,4,14
30,4,0.16142050040355124,4,13
31,4,0.6346687822292741,4,13
33,4,0.4004805766920304,4,13
34,4,0.5511811023622047,4,14
35,4,0.5118110236220472,4,13
37,4,0.5250403877221325,4,13
38,4,0.5537974683544303,4,14
42,5,0.3639973527465255,4,13
43,5,0.4124365482233503,4,13
44,5,0.5211726384364821,4,14
46,5,0.418140881312319,4,14
47,5,0.2302631578947368,4,13
49,5,0.2880921895006402,4,13
50,6,0.16034206306787815,4,13
51,6,0.5470174524615785,4,14
52,6,0.411748558880044,4,14
53,6,0.39661554732945536,4,13
54,6,0.6237006237006237,4,14
55,6,0.28578851649779163,4,13
56,6,0.6670224119530417,4,13
57,6,0.5891805034815212,4,14
58,6,0.33933698773166276,4,13
60,7,0.1601464195836193,4,13
62,7,0.42105263157894735,4,14
63,7,0.22639800769753224,4,13
64,7,0.37929495760821064,4,14
65,7,0.3106968486462494,4,13
66,7,0.5949656750572082,4,14
67,7,0.2985760220486909,4,13
68,7,0.36446469248291574,4,13
69,7,0.3429355281207133,4,13
70,8,0.1986886548778065,4,13
71,8,0.4116839835326407,4,15
73,8,0.7201440288057611,4,14
74,8,0.3548895899053628,4,13
76,8,0.3003003003003003,4,13
78,8,0.4619401486242217,4,14
79,8,0.6577636037472593,4,15
80,9,0.2651113467656416,4,15
82,9,0.4105676544091396,4,17
84,9,0.34958923265163433,4,13
85,9,0.44349831470640416,4,16
86,9,0.3744650499286733,4,14
88,9,0.6737588652482269,4,15
89,9,0.6950632685795759,4,17
91,10,0.5370399620912968,4,14
92,10,0.5574136008918618,4,16
93,10,0.4303474657315907,4,14
94,10,0.2683080808080808,4,13
95,10,0.5266418835192069,4,15
96,10,0.7260406582768635,4,15
97,10,0.5499838240051763,4,15
98,10,0.49418141240235935,4,14
100,11,0.34507548526240117,4,15
101,11,0.4163077806488659,4,14
103,11,0.37270642201834864,4,15
104,11,0.5280915358662168,4,16
105,11,0.371322479291631,4,15
107,11,0.4765450483991065,4,14
109,11,0.4382761139517896,4,16
110,12,0.3310381355932203,4,15
111,12,0.4789781798829164,4,14
112,12,0.5941931127616475,4,16
113,12,0.49280767181672885,4,15
115,12,0.636604774535809,4,15
116,12,0.49865229110512127,4,15
117,12,0.5752508361204014,4,14
118,12,0.34386985848432744,4,15
119,12,0.3218884120171674,4,14
120,13,0.36710719530102787,4,15
121,13,0.5128205128205128,4,16
122,13,0.4613466334164589,4,16
123,13,0.4789977892409727,4,15
124,13,0.4817535830422739,4,17
125,13,0.5182596119079185,4,14
126,13,0.6087712759348988,4,14
127,13,0.5062978513213139,4,16
128,13,0.4878048780487805,4,15
131,14,0.4452054794520548,4,15
132,14,0.4497751124437781,4,16
133,14,0.4000457195108012,4,15
134,14,0.3418803418803419,4,15
135,14,0.3933910306845004,4,14
136,14,0.566604995374653,4,16
137,14,0.5239259517988124,4,14
138,14,0.6128007262823423,4,19
139,14,0.49215978024493534,4,16
140,15,0.41542394546229233,4,15
141,15,0.4752349772943288,4,16
142,15,0.49542272482498656,4,15
143,15,0.42544139544777704,4,16
144,15,0.5747738158594997,4,17
146,15,0.515630035449565,4,16
149,15,0.41427660930529,4,15
150,16,0.49004900490049,4,15
151,16,0.6253101736972705,4,16
153,16,0.5288893324019559,4,15
154,16,0.5596465390279823,4,18
156,16,0.563097033685269,4,15
157,16,0.5342203406914625,4,16
159,16,0.42523033309709424,4,16
160,17,0.4700573469963335,4,15
163,17,0.6185567010309279,4,17
165,17,0.42719167904903416,4,14
166,17,0.653038046564452,4,15
167,17,0.5155605549306337,4,16
171,18,0.49938671806553353,4,16
172,18,0.4082357117500888,4,14
173,18,0.42338528060535086,4,18
174,18,0.5404934181849883,4,15
175,18,0.6170662905500706,4,17
176,18,0.5001339644547647,4,16
177,18,0.5837608349548912,4,17
178,18,0.5063066263990051,4,17
179,18,0.5654281098546041,4,18
182,19,0.46272926131583375,4,17
183,19,0.5294167876355563,4,16
184,19,0.5451190875545119,4,17
185,19,0.4943857885034356,4,17
186,19,0.5987014082131714,4,17
189,19,0.6632653061224489,4,16
190,20,0.5361715749039693,4,16
191,20,0.4466422076886266,4,15
192,20,0.423525651270577,4,15
193,20,0.42840142800476,4,15
194,20,0.6463453558889243,4,16
195,20,0.6585733555502659,4,21
197,20,0.6012988054197066,4,16
198,20,0.5772005772005772,4,15
199,20,0.4436915133914166,4,16
202,21,0.4625066343164759,4,15
203,21,0.4923834436067087,4,15
204,21,0.5219364599092284,4,19
206,21,0.5221932114882507,4,18
207,21,0.6657483930211203,4,19
208,21,0.5331708431716048,4,18
209,21,0.6025027035377722,4,16
210,22,0.5816066884769174,4,18
212,22,0.42203303499963624,4,16
213,22,0.46366731869883365,4,16
214,22,0.6478082487583675,4,18
215,22,0.5795001810938066,4,17
216,22,0.4441208591190389,4,16
217,22,0.585051923358198,4,18
218,22,0.5465675557498907,4,15
219,22,0.6885055805189157,4,20
220,23,0.605427974947808,4,18
221,23,0.5942099081047467,4,18
222,23,0.6168988701739794,4,17
223,23,0.6383725008768852,4,16
226,23,0.6337488683055923,4,17
227,23,0.608859962208692,4,17
228,23,0.590359772190582,4,17
229,23,0.4851004851004851,4,16
230,24,0.6316909368974001,4,18
231,24,0.591210668068055,4,19
232,24,0.5648591174906964,4,16
233,24,0.6036484245439468,4,17
234,24,0.790722192936215,4,20
235,24,0.564109370852137,4,18
236,24,0.5463024650233178,4,17
237,24,0.5979173664763184,4,19
238,24,0.5045140732873075,4,18
240,25,0.6198875255623723,4,18
241,25,0.711945564516129,4,19
242,25,0.48966613672496023,4,19
243,25,0.5914116739521729,4,17
244,25,0.6339546088500064,4,22
245,25,0.4472557664047026,4,15
246,25,0.4920756646216768,4,22
247,25,0.7857786938039417,4,19
248,25,0.6201253036696075,4,22
250,26,0.6935493770330816,4,18
251,26,0.6479743232604614,4,19
252,26,0.814152791380999,4,18
254,26,0.6094588005850805,4,17
255,26,0.6714276994445462,4,19
256,26,0.6239189523103533,4,20
257,26,0.5126621371216801,4,18
259,26,0.509953305480462,4,16
260,27,0.7104375111005862,4,19
262,27,0.7783936784998231,4,18
263,27,0.7267528444629773,4,18
264,27,0.8260589372546722,4,23
265,27,0.7938858937140825,4,23
266,27,0.5463182897862233,4,16
269,27,0.6203769983297542,4,17
270,28,0.6963867800673554,4,19
271,28,0.7843801139890525,4,20
272,28,0.6983874630933454,4,22
274,28,0.8250918338513704,4,25
275,28,0.5982565096005926,4,17
276,28,0.8648834412051091,4,21
277,28,0.6520993021393433,4,19
278,28,0.5940820290186222,4,17
280,29,0.74828060522696,4,19
281,29,0.6470007676280294,4,20
282,29,0.7528713524207287,4,21
283,29,0.6381089779158805,4,20
284,29,0.8107367844426184,4,20
285,29,0.6821432500825173,4,22
286,29,0.7297252473879152,4,17
288,29,0.7549457210558219,4,19
289,29,0.5966521186674769,4,19
290,30,0.7492826017642683,4,19
292,30,0.7387329931972789,4,19
294,30,0.7528763056041567,4,22
296,30,0.7700946574683138,4,21
299,30,0.8186264086753137,4,19
300,31,0.7723200494284831,4,19
301,31,0.7175439495669109,4,20
302,31,0.7849776820070802,4,20
303,31,0.7954428820691778,4,21
304,31,0.7736448406599037,4,22
305,31,0.8276358402302987,4,21
306,31,0.5724600309437855,4,19
307,31,0.9042334566378956,4,23
308,31,0.7457350086832158,4,20
309,31,0.7754743317996174,4,19
311,32,0.6428144309348216,4,19
312,32,1.037924151696607,4,24
314,32,0.9527117550736862,4,23
315,32,0.6173761513567338,4,20
317,32,0.6317779325440255,4,19
318,32,0.8967943318634495,4,19
319,32,0.6015339114742594,4,19
321,33,0.7261461005954398,4,19
322,33,0.8459418958766375,4,28
323,33,0.6722120127671921,4,19
325,33,0.920944210169163,4,23
326,33,0.7018569966369352,4,23
327,33,0.5353783822891044,4,18
328,33,0.858617529303941,4,23
329,33,0.8237473191655292,4,20
330,34,0.9066691592279292,4,23
331,34,1.1567216814783468,4,23
332,34,0.6852208194490074,4,18
333,34,0.9799324831207802,4,23
335,34,0.8146543605198718,4,21
337,34,0.7593403521848505,4,25
338,34,0.9514435695538056,4,25
339,34,0.80251548714098,4,21
340,35,0.9122265589543432,4,23
341,35,1.003146231361999,4,21
342,35,1.1095383772430485,4,27
343,35,0.8022243493322393,4,22
344,35,0.8980406386066764,4,27
345,35,0.831695836951058,4,21
346,35,0.7464053484751351,4,18
348,35,0.8731241473396999,4,28
349,35,0.9033258816551848,4,27
350,36,0.913302448709464,4,23
351,36,0.970488332083462,4,30
352,36,0.9183266048533784,4,22
353,36,0.8629464088153296,4,19
354,36,1.1187948729242831,4,35
356,36,0.9956690628209136,4,24
357,36,0.986507409865074,4,24
358,36,1.089363209635993,4,30
359,36,0.9846290933392736,4,22
360,37,0.9240555292904112,4,23
361,37,0.9134182426347612,4,25
362,37,1.1151295961422545,4,36
363,37,0.7288881221426723,4,22
364,37,1.1958851264466352,4,23
365,37,0.8676134156343074,4,22
366,37,1.059413646977428,4,27
367,37,0.6811755633621798,4,21
369,37,1.0315981101816132,4,19
370,38,0.9640776292073604,4,23
371,38,1.081467766369298,4,26
372,38,0.8405480373203329,4,34
374,38,1.0732033240071823,4,29
377,38,0.9436325678496869,4,21
378,38,0.9333221222567898,4,24
379,38,0.8687661849469551,4,22
380,39,1.0537493873550072,4,23
381,39,0.8951929365598431,4,22
382,39,1.0635686819929642,4,35
383,39,0.98584635523194,4,23
384,39,1.111156335219179,4,23
385,39,0.9830022527134958,4,21
387,39,0.7679424860095584,4,21
388,39,1.2104550490336876,4,41
391,40,0.9026640571953508,4,27
392,40,0.7591497522774493,4,24
393,40,0.9387233362626828,4,30
394,40,1.1554746547425905,4,25
395,40,1.182864450127877,4,26
396,40,1.1932409706094338,4,27
398,40,0.9835543344084736,4,29
399,40,1.134238070601345,4,24
400,41,1.250194129523218,4,24
402,41,1.1271890479347868,4,32
403,41,0.8389326911873228,4,25
404,41,1.2999035679845707,4,31
406,41,1.2133547301264238,4,26
407,41,0.8610417067076687,4,28
408,41,1.0805158591843849,4,22
410,42,1.2294306790240213,4,24
411,42,1.201098146877145,4,25
412,42,0.8937740082911803,4,25
413,42,1.361815754339119,4,27
414,42,1.4143845922359315,4,36
415,42,1.284060075667826,4,28
416,42,1.451152161493049,4,36
417,42,1.1087724573404496,4,26
418,42,1.1719939117199392,4,31
419,42,1.2252591894439209,4,25
420,43,1.2333825701624814,4,24
421,43,1.3459750883063766,4,40
422,43,1.4274562283929966,4,31
423,43,1.5321680922275938,4,37
424,43,1.290179887938661,4,25
427,43,1.1888888888888889,4,35
428,43,1.2958963282937366,4,28
429,43,1.3120449421591456,4,34
430,44,1.2679719673434,4,25
431,44,1.1768539976825028,4,39
432,44,1.3610133197836896,4,29
433,44,1.2980420594633792,4,43
434,44,2.0572128548782245,4,41
435,44,1.4125118621797212,4,36
436,44,1.3610133197836896,4,43
438,44,1.5245009074410163,4,41
439,44,1.7227708498522307,4,35
440,45,1.2523880280195288,4,25
442,45,1.3225074457523756,4,29
444,45,1.4857264140931763,4,31
445,45,0.9844688488467144,4,37
446,45,2.0415396611611256,4,52
447,45,1.8853987125822225,4,35
448,45,1.4704311603232811,4,35
449,45,1.7344307464057365,4,43
450,46,1.3295938506284408,4,28
451,46,1.6347355268638069,4,33
452,46,1.1842745016322846,4,31
453,46,1.4330823415108087,4,32
454,46,1.3953007648315303,4,32
455,46,1.796054228355466,4,34
457,46,2.3103673862892955,4,71
458,46,1.329574327381574,4,26
459,46,1.433778857837181,4,31
460,47,1.477765726681128,4,29
461,47,2.1524755168661587,4,48
464,47,2.3049106086721416,4,50
465,47,1.9985700180450103,4,43
466,47,2.5554124584830205,4,53
467,47,1.3369074683587256,4,26
468,47,1.799775028121485,4,43
469,47,1.495180681856885,4,31
471,48,2.2844827586206895,4,42
472,48,1.9896366172855908,4,36
474,48,2.317727302827627,4,44
475,48,3.086029729639852,4,55
476,48,1.913907284768212,4,62
477,48,2.410156379145039,4,65
478,48,2.07909227432004,4,48
479,48,1.536205804925189,4,35
481,49,2.4224269853156644,4,62
483,49,1.6970642738710622,4,39
484,49,1.6725009723842863,4,45
485,49,1.9070984625449787,4,44
486,49,2.461257976298997,4,71
487,49,2.1545560899519045,4,45
489,49,2.2684555058655778,4,44
490,50,1.9348463598112968,4,41
491,50,2.218614718614719,4,52
492,50,2.3446733748602457,4,40
493,50,1.6221374045801529,4,44
494,50,1.848910350085774,4,36
495,50,1.92689964732286,4,37
496,50,1.7110326622777725,4,41
497,50,2.308376198641011,4,41
498,50,3.134505170812922,4,74
499,50,2.08792965627498,4,50
500,51,2.1838829438742087,4,41
501,51,2.248627744510978,4,43
502,51,1.819263527054108,4,47
504,51,1.9820552099290336,4,56
505,51,2.17221684716457,4,41
506,51,3.588576417035605,4,73
507,51,3.7920164788864263,4,72
508,51,2.4953212726138494,4,46
509,51,2.5700640945079805,4,43
510,52,2.90138948399339,4,70
512,52,2.549739822467095,4,48
514,52,3.1553472413687467,4,139
515,52,3.5290848462393476,4,74
517,52,3.4582044291971696,4,71
518,52,2.542607093505297,4,63
519,52,3.268735434809273,4,76
520,53,3.5068213233968386,4,60
521,53,2.9621848739495795,4,67
522,53,6.0674631909244505,4,104
523,53,2.046827567551321,4,35
524,53,4.016341734506894,4,79
526,53,3.3216888514123952,4,83
527,53,4.0540135033758435,4,48
528,53,3.864864864864865,4,85
529,53,4.101520993351347,4,69
530,54,4.489940409463685,4,95
531,54,3.927474604299551,4,68
532,54,4.565146915799711,4,79
533,54,3.174884187542416,4,57
534,54,4.886717014660151,4,73
535,54,2.982787078519217,4,70
537,54,3.35140901413459,4,60
540,55,6.529358940934504,4,155
542,55,6.042234727620816,4,98
543,55,3.9102749638205503,4,55
544,55,11.70889737359713,4,176
546,55,6.626801860357628,4,207
547,55,6.500839752128337,4,102
548,55,5.4185200161746865,4,103
550,56,10.844264860711949,4,209
551,56,7.424091233071989,4,121
552,56,9.18500824660183,4,154
553,56,12.106606180890276,4,258
554,56,7.448494453248812,4,121
555,56,6.478817060315109,4,115
556,56,10.227240245819637,4,264
557,56,3.461811975536908,4,67
558,56,6.592156528168813,4,138
559,56,8.456797104727437,4,126
561,57,18.017840560542535,4,227
562,57,8.194424989494326,4,116
563,57,13.233280232525644,4,232
564,57,10.39935074021213,4,161
565,57,14.634214341474294,4,196
566,57,14.87504183867009,4,233
567,57,13.054895935186478,4,200
568,57,25.10977711077761,4,389
569,57,8.269495187585935,4,122
570,58,19.06933304032524,4,239
571,58,16.187773767872393,4,256
573,58,32.27722772277228,4,706
574,58,13.272997359154928,4,217
575,58,32.46133596577822,4,309
576,58,22.14407385021155,4,238
577,58,15.04043865661412,4,236
578,58,15.48455920566755,4,282
579,58,28.156301596037427,4,284
580,59,33.629609617722544,4,455
581,59,68.61471861471861,4,841
582,59,29.49440474585412,4,361
584,59,25.154090526487277,4,392
585,59,35.59508478214209,4,455
586,59,28.53742968411943,4,472
587,59,33.81233013105137,4,448
588,59,23.07671550770393,4,242
589,59,21.013420833221268,4,252
590,60,48.873419066850886,4,434
591,60,66.77791021056814,4,480
592,60,74.20329816002969,4,601
593,60,71.68850657877107,4,775
594,60,44.50928381962865,4,548
595,60,68.83765405864854,4,623
596,60,74.57344655186097,4,592
597,60,61.65118513773222,4,642
598,60,10.5267341423348,4,145
599,60,68.84566326530613,4,709
601,61,83.95664664403239,4,539
602,61,69.1501594104427,4,556
603,61,82.06527415143603,4,518
607,61,80.12277951933125,4,513
608,61,68.29242847082757,4,515
609,61,78.80363426290636,4,570
610,62,86.60003083406136,4,504
611,62,89.40720392287747,4,501
612,62,86.30632943895236,4,480
613,62,87.92903972232935,4,506
614,62,89.96983023113111,4,445
615,62,86.61657605908299,4,519
616,62,89.31722581307069,4,477
617,62,86.60250141540995,4,519
618,62,83.8215969699312,4,425
623,63,90.70314277767945,4,459
627,63,91.01857262633705,4,488
628,63,90.63441813346842,4,462
630,64,93.74004777070064,4,441
631,64,92.9889022195561,4,422
632,64,92.92190114638228,4,453
634,64,93.49245104389855,4,429
636,64,93.22143478801442,4,447
638,64,89.62916718691471,4,431
640,65,95.14565483476132,4,432
641,65,94.3167899661947,4,396
642,65,94.35242808840104,4,392
643,65,95.13402263929044,4,395
645,65,94.634814959859,4,400
647,65,94.34809272660372,4,399
648,65,93.00636007827788,4,419
650,66,96.24192459743516,4,375
651,66,94.80736208189228,4,413
653,66,95.4015481373972,4,399
654,66,95.5622369212267,4,406
655,66,95.24649163063694,4,397
656,66,95.16344310432694,4,387
657,66,95.57076852367015,4,413
658,66,95.64356435643565,4,400
659,66,95.47298276111836,4,419
660,67,96.89523493275776,4,367
661,67,96.0866044207317,4,391
662,67,96.58865434725443,4,385
664,67,97.30541755382067,4,377
665,67,96.2461070299313,4,384
666,67,96.7386660337052,4,377
667,67,95.89011722100447,4,394
668,67,96.5421227986673,4,378
671,68,96.79075437198182,4,374
672,68,96.6879913127641,4,367
673,68,97.04406938584154,4,368
674,68,97.55278198996852,4,370
675,68,97.39287558079504,4,381
677,68,97.56188696870622,4,372
678,68,96.99133692343712,4,377
679,68,96.03860185947984,4,385
680,69,97.85625374579318,4,358
681,69,97.3889555822329,4,360
682,69,97.46773857238838,4,363
684,69,97.7954388389772,4,370
685,69,97.5493485756601,4,374
686,69,97.24798293610311,4,361
687,69,97.80420226275687,4,360
688,69,97.56153935051428,4,374
689,69,97.0742023192582,4,377
690,70,98.38782924613987,4,354
691,70,97.62830570525504,4,351
692,70,97.77910201462264,4,350
694,70,98.30585663539485,4,361
695,70,98.01490530346196,4,352
696,70,97.9046144034984,4,350
699,70,98.42871131555576,4,351
700,71,98.60548405148292,4,344
701,71,98.28177923330568,4,345
703,71,98.36956521739133,4,341
706,71,98.4567901234568,4,344
707,71,98.45484514812406,4,346
708,71,98.4112716568167,4,355
709,71,98.5456673945834,4,350
710,72,98.80079505300353,4,334
711,72,98.47459875315027,4,348
712,72,98.97545971543006,4,338
713,72,98.62807576562224,4,355
715,72,98.88787764434282,4,346
716,72,98.54628581574453,4,339
717,72,98.869557537755,4,347
720,73,98.95894587825327,4,328
721,73,98.9757812670612,4,331
722,73,99.15550124383536,4,334
723,73,99.1757644295594,4,339
724,73,99.00084895187096,4,336
725,73,98.9509498157074,4,345
727,73,99.01637194255612,4,336
728,73,99.04726687403476,4,336
729,73,98.98567759348744,4,330
730,74,99.17895370330568,4,326
733,74,99.211240894789,4,331
734,74,99.23330390024336,4,332
735,74,99.13400378201824,4,336
736,74,99.11011043207893,4,327
737,74,99.15453467054893,4,335
738,74,99.197400697164,4,329
739,74,99.2072188204963,4,333
741,75,99.29839481237376,4,323
742,75,99.28840696344614,4,326
743,75,99.31030078549075,4,327
744,75,99.35410092967112,4,325
745,75,99.32382147185778,4,326
747,75,99.40304214819852,4,324
748,75,99.42319562394908,4,326
749,75,99.3295283359148,4,322
751,76,99.40607357971837,4,323
752,76,99.43210288959412,4,323
754,76,99.36582600113395,4,326
756,76,99.4311502938707,4,323
758,76,99.5172428268581,4,321
760,77,99.56175710594314,4,316
762,77,99.53689346482253,4,319
765,77,99.55765931499204,4,324
766,77,99.59163367260214,4,315
767,77,99.47001221456225,4,320
768,77,99.64084784820112,4,319
771,78,99.55855303494788,4,314
774,78,99.59872896891676,4,312
775,78,99.601324828263,4,314
776,78,99.54905095724185,4,316
777,78,99.6255907686642,4,313
778,78,99.67160952128418,4,316
779,78,99.66205899717023,4,311
781,79,99.64294359719196,4,310
783,79,99.74268253457704,4,312
784,79,99.73402111711133,4,308
785,79,99.749251799725,4,311
786,79,99.71433744392364,4,312
787,79,99.73219499426132,4,309
788,79,99.72161704187847,4,310
789,79,99.78866435874728,4,308
790,80,99.77708337479848,4,306
791,80,99.7190731406029,4,310
792,80,99.7785315243416,4,311
793,80,99.81900272490402,4,306
794,80,99.77511990288365,4,313
796,80,99.80139421262736,4,306
797,80,99.75485799701046,4,306
799,80,99.7867038772052,4,310
800,81,99.81907215481132,4,301
801,81,99.83862079823663,4,305
802,81,99.86865063028092,4,305
803,81,99.82539775959822,4,303
804,81,99.79174034343195,4,302
805,81,99.81483305426968,4,304
806,81,99.81647393140469,4,305
807,81,99.76180164573408,4,304
808,81,99.85832349468711,4,305
809,81,99.74585287048347,4,306
811,82,99.84636328276936,4,302
812,82,99.87930228936304,4,304
813,82,99.85835968877936,4,300
814,82,99.848840138757,4,305
815,82,99.84994056087152,4,302
816,82,99.8856500503915,4,300
817,82,99.83284417578572,4,302
819,82,99.80594205429742,4,300
821,83,99.88283875924326,4,299
822,83,99.91220703870523,4,298
824,83,99.87715223525348,4,304
825,83,99.87855655794588,4,298
826,83,99.86003527877904,4,299
827,83,99.89074599401978,4,301
828,83,99.90794016110472,4,302
829,83,99.91159796290958,4,299
830,84,99.90137692978796,4,295
831,84,99.90325517869336,4,300
832,84,99.90494477291308,4,295
833,84,99.9203519684442,4,298
834,84,99.91455263557648,4,297
836,84,99.9242295088178,4,298
837,84,99.89977686169208,4,294
838,84,99.90336699698732,4,300
839,84,99.92040781519452,4,297
840,85,99.9250107797004,4,294
841,85,99.930541215341,4,294
842,85,99.94396503418132,4,294
843,85,99.92675093439512,4,295
844,85,99.96257134836718,4,294
845,85,99.93435243364908,4,295
846,85,99.94566337524124,4,295
847,85,99.93074792243767,4,294
851,86,99.94613069807184,4,292
852,86,99.9370708323308,4,294
853,86,99.95369684397689,4,291
854,86,99.95929619419417,4,292
855,86,99.93518158416208,4,294
856,86,99.94811548011712,4,292
857,86,99.94811451866951,4,296
860,87,99.95969367190648,4,289
862,87,99.95408125780618,4,291
863,87,99.97435474711948,4,289
864,87,99.97250934682208,4,288
865,87,99.95601414878216,4,289
866,87,99.9634255618748,4,290
868,87,99.9651567944251,4,295
869,87,99.95043506994162,4,289
870,88,99.9728310088752,4,288
871,88,99.96375498368974,4,288
872,88,99.96547526029836,4,288
873,88,99.98186796250296,4,288
874,88,99.97826992376363,4,286
875,88,99.97466246787565,4,287
876,88,99.9764599366229,4,289
877,88,99.98368234974164,4,290
878,88,99.97823839834612,4,286
879,88,99.98190471020392,4,286
880,89,99.97673044910232,4,285
881,89,99.98025985212836,4,287
882,89,99.97306856742732,4,286
883,89,99.96951274188052,4,287
884,89,99.98745587154812,4,286
885,89,99.98564687729872,4,285
886,89,99.96950727341212,4,287
887,89,99.97490769616805,4,286
888,89,99.98215146268764,4,284
889,89,99.98567514817267,4,285
890,90,99.985839454819,4,284
891,90,99.98227547457417,4,283
892,90,99.98401420959148,4,284
893,90,99.98758931262522,4,283
894,90,99.98939010804406,4,283
895,90,99.99115685962398,4,283
896,90,99.98935075077206,4,286
897,90,99.9893628337411,4,284
899,90,99.98587445925664,4,284
900,91,99.99299866974724,4,282
901,91,99.99474080956472,4,281
902,91,99.98595382319375,4,287
903,91,99.99300955942748,4,281
904,91,99.98946998947,4,282
907,91,99.98598777433313,4,281
908,91,99.98951617130577,4,282
909,91,99.99650831893014,4,280
910,92,99.99653757595692,4,280
912,92,100,4,280
914,92,99.99480096355477,4,280
915,92,99.99134094175918,4,279
919,92,99.99479979199168,4,283
920,93,99.996573875803,4,278
922,93,99.99828834534344,4,278
923,93,99.99143747645306,4,277
924,93,99.99828731931218,4,277
925,93,99.99829004291992,4,277
926,93,99.99656717186454,4,277
929,93,99.99658084589872,4,277
930,94,99.99830528581354,4,275
932,94,99.99830537197086,4,276
935,94,100,4,276
936,94,99.9983006202736,4,276
937,94,100,4,275
938,94,99.99661647775334,4,276
939,94,99.99660884751684,4,275
940,95,100,4,273
941,95,100,4,275
943,95,99.99832200687976,4,276
945,95,100,4,275
946,95,99.99832037220553,4,273
947,95,100,4,273
948,95,99.99664660216963,4,273
949,95,100,4,274
951,96,100,4,273
952,96,99.9983403040563,4,272
953,96,99.99833983564372,4,273
954,96,100,4,271
955,96,100,4,272
956,96,99.99834060700596,4,272
957,96,100,4,272
958,96,100,4,272
959,96,99.99833762779488,4,272
961,97,100,4,270
962,97,100,4,270
963,97,100,4,270
964,97,100,4,270
967,97,100,4,271
969,97,100,4,271
970,98,100,4,268
971,98,100,4,268
972,98,100,4,268
973,98,100,4,268
974,98,100,4,270
975,98,100,4,268
976,98,100,4,268
978,98,100,4,268
982,99,100,4,266
985,99,100,4,266
986,99,100,4,266
989,99,100,4,266
990,1,0.3236245954692557,8,13
992,1,0.16666666666666669,8,13
993,1,0.16583747927031509,8,13
994,1,0.16129032258064516,8,13
997,1,0.15873015873015872,8,13
999,1,0.15847860538827258,8,13
1000,2,0.16273393002441008,8,13
1002,2,0.32786885245901637,8,14
1003,2,0.2331002331002331,8,13
1004,2,0.8130081300813009,8,14
1006,2,0.3930817610062894,8,13
1007,2,0.5747126436781609,8,14
1009,2,0.4777070063694267,8,13
1010,3,0.21621621621621623,8,13
1011,3,0.5353319057815845,8,14
1012,3,0.3181336161187699,8,14
1013,3,0.5254860746190226,8,14
1015,3,0.3184713375796179,8,13
1016,3,0.5216484089723527,8,14
1017,3,0.43360433604336046,8,13
1018,3,0.6774361646690985,8,14
1019,3,0.5851063829787234,8,13
1020,4,0.16142050040355124,8,13
1021,4,0.7140023800079334,8,14
1023,4,0.4003202562049639,8,14
1024,4,0.3929273084479371,8,13
1025,4,0.4263565891472868,8,13
1027,4,0.36319612590799033,8,14
1028,4,0.276789244760775,8,13
1029,4,0.27844073190135243,8,14
1030,5,0.1929880990672242,8,13
1031,5,0.6347191367819739,8,15
1032,5,0.35335689045936397,8,14
1034,5,0.53475935828877,8,15
1036,5,0.41827541827541825,8,14
1038,5,0.31756113051762463,8,14
1039,5,0.5429575215586074,8,13
1040,6,0.16034206306787815,8,13
1041,6,0.5812417437252312,8,15
1042,6,0.5844845908607864,8,16
1043,6,0.5594033031433138,8,16
1044,6,0.32180209171359614,8,14
1045,6,0.7125890736342043,8,14
1046,6,0.6394884092725819,8,16
1047,6,0.32679738562091504,8,14
1048,6,0.4432855280312908,8,14
1049,6,0.4529709565680789,8,13
1051,7,0.3385240352064997,8,14
1052,7,0.41171088746569073,8,14
1053,7,0.6347766946270688,8,15
1054,7,0.5078485687903971,8,15
1055,7,0.4880212954747116,8,14
1056,7,0.5495763682161667,8,14
1057,7,0.4363803399173174,8,15
1058,7,0.3872437357630979,8,14
1059,7,0.5048187241854061,8,14
1061,8,0.6083202511773941,8,16
1062,8,0.47827819848545233,8,15
1063,8,0.4158415841584159,8,14
1064,8,0.41411950305659634,8,14
1065,8,0.4668352460610776,8,17
1066,8,0.5598880223955209,8,16
1067,8,0.4433696090286175,8,15
1068,8,0.8109177215189873,8,15
1070,9,0.30045952633439377,8,15
1071,9,0.5439550798385682,8,15
1072,9,0.4152374074742733,8,14
1073,9,0.40223854494578526,8,15
1074,9,0.39497307001795334,8,14
1075,9,0.7974481658692184,8,18
1076,9,0.5358099660653688,8,17
1078,9,0.4962779156327544,8,15
1079,9,0.6737588652482269,8,15
1080,10,0.3816186993162665,8,16
1081,10,0.5206689807510255,8,15
1082,10,0.9394904458598726,8,18
1083,10,0.5245588936576061,8,14
1084,10,0.5824937027707808,8,15
1085,10,0.574345883854499,8,20
1087,10,0.4696356275303644,8,15
1088,10,0.6326111023248459,8,15
1089,10,0.5596418292292933,8,17
1090,11,0.5176132278936018,8,17
1091,11,0.6051001296643135,8,17
1092,11,0.6535947712418301,8,16
1093,11,0.6454388984509466,8,16
1094,11,0.529479107040641,8,15
1095,11,0.6865970533543128,8,17
1096,11,0.5590701780197146,8,16
1098,11,0.5611510791366906,8,14
1099,11,0.8906409694845963,8,15
1100,12,0.5031779661016949,8,17
1101,12,0.35899481451934584,8,17
1102,12,0.6492646084536902,8,16
1103,12,0.9366754617414248,8,17
1104,12,0.49382716049382713,8,16
1105,12,0.5845622425933307,8,17
1106,12,0.7676767676767676,8,16
1107,12,0.6529723847095633,8,16
1110,13,0.5384238864415075,8,17
1111,13,0.41539401343921806,8,15
1112,13,0.6499080318822809,8,17
1113,13,0.7104360607545321,8,17
1114,13,0.7171117705242335,8,16
1115,13,0.4943332529539426,8,18
1116,13,0.6951340615690168,8,15
1117,13,0.7271382795168844,8,16
1118,13,0.575839255084538,8,19
1119,13,0.6756756756756757,8,20
1122,14,0.44879171461449946,8,15
1123,14,0.6052992233896757,8,15
1124,14,0.9360730593607304,8,20
1126,14,0.7412555015056752,8,17
1127,14,0.7326846021751574,8,16
1129,14,0.5221023320570832,8,16
1130,15,0.6391137622496805,8,17
1131,15,0.4768969902501059,8,15
1132,15,0.721102863202545,8,17
1133,15,0.9051724137931036,8,20
1134,15,0.7539267015706806,8,18
1137,15,0.5504587155963303,8,16
1138,15,0.8866371120962635,8,20
1139,15,0.7222517259691981,8,18
1140,16,0.7300730073007301,8,17
1141,16,0.6152014288549316,8,21
1142,16,0.6467018207143568,8,16
1143,16,0.9578926362003592,8,19
1145,16,0.8351560946510241,8,20
1146,16,0.6940951614525702,8,16
1148,16,0.8088675853804673,8,17
1149,16,0.6465088521981301,8,16
1152,17,0.7463391591875295,8,18
1153,17,0.7449145258332538,8,22
1154,17,0.6750421901368836,8,19
1155,17,0.7374906646751307,8,19
1156,17,0.9104704097116844,8,21
1157,17,0.7295173961840629,8,20
1158,17,0.7350888620080022,8,17
1159,17,0.7618322064565279,8,17
1160,18,0.8711111111111111,8,20
1163,18,0.8406335722502434,8,20
1165,18,0.863664404688464,8,20
1166,18,0.8711270767849124,8,20
1167,18,0.8512902367650972,8,18
1168,18,0.6068601583113457,8,17
1170,19,0.8836896145430062,8,20
1171,19,0.8732891090771685,8,17
1172,19,1.0442105263157897,8,20
1174,19,0.8142365483085705,8,21
1175,19,1.148076761920724,8,20
1177,19,0.6225288129889796,8,17
1178,19,0.9803093044874504,8,19
1179,19,0.5777926645453023,8,17
1180,20,0.9603072983354672,8,20
1182,20,0.8418858242463116,8,17
1183,20,0.8341277407054337,8,21
1184,20,0.9312320916905444,8,21
1185,20,1.049534865230182,8,28
1186,20,0.8220502901353964,8,18
1187,20,1.415018491718926,8,23
1188,20,0.910458396009817,8,19
1189,20,0.905123646355261,8,18
1190,21,1.016508712931825,8,22
1191,21,0.8201701093560146,8,20
1192,21,1.1602335633578524,8,23
1193,21,0.8682956815736899,8,19
1194,21,1.0900832702498109,8,20
1195,21,0.710882553127127,8,18
1196,21,1.2041765109366664,8,19
1197,21,1.0111761575306013,8,28
1198,21,1.3011574249186777,8,22
1199,21,1.070046292782879,8,23
1200,22,1.0832424572882589,8,22
1201,22,0.8523548107483385,8,24
1202,22,0.6368043997394891,8,17
1205,22,0.8500216107189165,8,20
1206,22,0.8478912360207588,8,24
1207,22,1.0010155229943425,8,19
1208,22,0.8149603434475733,8,20
1209,22,0.9281415415850918,8,19
1210,23,1.1134307585247043,8,22
1211,23,0.87557288460223,8,20
1212,23,0.9196042914866936,8,23
1213,23,1.336935439179828,8,23
1214,23,1.0911602209944753,8,22
1215,23,0.8690853910884261,8,22
1217,23,0.727499480357514,8,19
1218,23,0.9896878676725032,8,18
1219,23,1.0948136711348164,8,31
1220,24,1.1569918212647117,8,22
1222,24,1.6110853278525492,8,37
1223,24,1.0124036205162588,8,19
1226,24,1.4891485809682805,8,27
1227,24,1.159206647011525,8,27
1228,24,1.345500566175981,8,26
1229,24,1.1337562424078822,8,22
1232,25,1.381285805219605,8,29
1233,25,1.1507553841208615,8,20
1234,25,0.95448798988622,8,19
1238,25,2.0493623501046887,8,27
1239,25,1.0427995649670527,8,21
1240,26,1.5037132510894249,8,23
1241,26,1.4116079001575184,8,22
1242,26,1.4655593551538837,8,29
1243,26,1.0272716155069097,8,23
1244,26,1.6327525283294748,8,27
1245,26,0.9000734753857457,8,21
1246,26,1.5135731356087996,8,28
1250,27,1.485998460718726,8,23
1252,27,1.0772944016012245,8,40
1253,27,1.7279887151757374,8,27
1254,27,1.218937698739842,8,40
1255,27,1.7447362195410456,8,24
1256,27,1.0381242169321638,8,32
1257,27,1.458901672399478,8,51
1258,27,1.5252225519287834,8,25
1259,27,1.155115511551155,8,28
1260,28,1.695302243278726,8,26
1262,28,2.4613460663938156,8,42
1263,28,1.4565602330496374,8,24
1264,28,1.8209666439754937,8,26
1265,28,1.973534109057723,8,26
1266,28,1.197397962120776,8,20
1267,28,1.3500427228709768,8,42
1269,28,1.3230681494154548,8,32
1272,29,2.6917161063502526,8,34
1273,29,1.2580698559841086,8,33
1275,29,1.818181818181818,8,28
1276,29,1.606779287954658,8,31
1277,29,1.7054772056411938,8,27
1279,29,1.620281069165059,8,35
1280,30,1.9183760229567437,8,32
1281,30,1.7630502894163878,8,31
1282,30,2.1527667038749803,8,42
1283,30,2.267525416511418,8,35
1284,30,1.5625,8,24
1285,30,2.158388403325517,8,37
1286,30,2.072178196615978,8,38
1287,30,2.898550724637681,8,52
1289,30,1.6766594152915582,8,36
1290,31,1.9977345278550096,8,32
1291,31,2.172350041084634,8,32
1293,31,2.9591889249137973,8,38
1294,31,2.1430032733224222,8,37
1295,31,2.707701793145969,8,34
1296,31,1.6030613300237877,8,47
1297,31,2.026264491638453,8,29
1298,31,1.7041651650105545,8,28
1299,31,1.8798151001540833,8,28
1300,32,2.0219123505976095,8,32
1301,32,2.923046331278584,8,41
1302,32,1.980939074896462,8,26
1303,32,2.784557907845579,8,63
1304,32,3.0032708890871245,8,44
1305,32,2.043664639617187,8,31
1309,32,2.150805928439543,8,58
1311,33,2.4914461953640785,8,40
1312,33,2.4902084038489436,8,34
1313,33,3.339140534262486,8,38
1314,33,1.9082868679100176,8,27
1316,33,1.816145681176356,8,36
1317,33,2.567658028115138,8,48
1318,33,3.640153167563376,8,53
1319,33,3.195706826532586,8,51
1322,34,3.9546160726896096,8,52
1323,34,4.908119257453591,8,79
1325,34,4.532047380495341,8,52
1327,34,3.1977013624988415,8,50
1328,34,3.115705990652882,8,35
1329,34,2.692343647751706,8,46
1330,35,4.075519651447763,8,93
1331,35,2.911559666469221,8,40
1332,35,4.301321022077982,8,52
1333,35,4.003643816898201,8,71
1334,35,3.255898202237015,8,52
1335,35,3.6954240613166656,8,50
1338,35,3.5324841931641164,8,47
1339,35,4.613155869437277,8,71
1340,36,4.707699095521729,8,69
1341,36,3.795730356984675,8,67
1342,36,10.295878986825178,8,156
1343,36,4.5665737422009824,8,88
1344,36,8.844287604764006,8,123
1345,36,2.286524571276643,8,56
1346,36,2.954616033006521,8,44
1347,36,11.002337169819642,8,143
1349,36,12.356043956043957,8,190
1350,37,7.065801349550865,8,86
1351,37,6.826703443520235,8,162
1353,37,8.216880939072107,8,145
1354,37,7.927012953479365,8,90
1355,37,7.016024252923343,8,88
1356,37,8.018342333076198,8,80
1357,37,5.795728556665519,8,88
1358,37,5.171224014491504,8,56
1359,37,5.197459986082116,8,59
1360,38,7.8216037221779775,8,78
1361,38,7.256912345575259,8,152
1362,38,11.885383453599598,8,155
1363,38,5.488212673465975,8,53
1364,38,10.30880060664785,8,133
1365,38,6.397575655541059,8,99
1366,38,16.61443316200744,8,215
1367,38,7.194880646655159,8,102
1368,38,28.426755574077937,8,379
1369,38,4.93138036681076,8,73
1370,39,12.542885149485375,8,177
1372,39,14.535858937119013,8,159
1373,39,24.836654356560203,8,277
1374,39,23.01629653955092,8,275
1375,39,14.381065476434216,8,131
1376,39,9.057316472327146,8,130
1377,39,13.14241040200798,8,104
1379,39,9.486552567237164,8,115
1382,40,54.6192731759742,8,531
1384,40,31.681711536167334,8,333
1386,40,32.3828345567476,8,260
1387,40,59.13858868404323,8,479
1388,40,31.661960467930616,8,266
1389,40,14.760733275136896,8,203
1390,41,15.844851685044262,8,173
1391,41,43.5802372775523,8,359
1394,41,12.565119353082965,8,125
1396,41,73.44792798385845,8,462
1397,41,76.21025660934042,8,481
1398,41,78.10983892877935,8,406
1399,41,46.97807509377054,8,359
1400,42,81.39587667864573,8,433
1403,42,66.83081386471217,8,460
1404,42,81.62847169524966,8,424
1406,42,82.65500190186383,8,384
1407,42,83.90557129367328,8,405
1408,42,82.84003486565355,8,429
1409,42,76.6286613689585,8,440
1410,43,85.83825701624815,8,391
1411,43,75.92530595543651,8,371
1412,43,80.27084340935302,8,418
1413,43,88.61068025703524,8,379
1414,43,88.63217628417716,8,474
1415,43,82.1546083034493,8,329
1416,43,87.8924429341804,8,414
1417,43,83.07902612036797,8,339
1418,43,85.09937451423073,8,372
1419,43,88.37638376383764,8,366
1420,44,91.6516147677191,8,381
1421,44,91.98742274747912,8,350
1422,44,91.64556962025316,8,331
1423,44,90.79703294305868,8,363
1425,44,91.95514559594864,8,354
1426,44,91.6494658699982,8,378
1429,44,92.5466286662578,8,331
1430,45,93.70621948630864,8,360
1431,45,94.022064784463,8,314
1434,45,94.53628961190032,8,330
1435,45,94.10709259780468,8,351
1436,45,92.83558774452374,8,323
1437,45,93.56440912477385,8,310
1438,45,93.86058032554848,8,343
1439,45,94.36455910340452,8,316
1440,46,95.73421972923374,8,340
1442,46,95.0737045603618,8,310
1443,46,94.90133296209932,8,325
1445,46,95.19858353006528,8,319
1446,46,95.81191568634216,8,314
1447,46,93.81944444444444,8,305
1448,46,96.01575728255986,8,311
1450,47,96.51572668112796,8,320
1451,47,96.49453957125522,8,305
1452,47,95.89681088767011,8,302
1453,47,95.97740036538332,8,304
1454,47,96.73964297743348,8,308
1455,47,96.25675721619692,8,282
1456,47,96.90232495085743,8,309
1457,47,96.58154440940076,8,297
1458,47,96.01098081746086,8,302
1459,47,96.63811490672715,8,283
1460,48,97.24121904256026,8,287
1461,48,97.2294859488266,8,281
1462,48,96.53047022566857,8,291
1463,48,97.08808461411336,8,286
1465,48,96.5059561336563,8,294
1466,48,96.89253344842469,8,281
1467,48,97.03082729367758,8,284
1468,48,97.2772525306518,8,284
1470,49,97.82028759190578,8,286
1471,49,97.4361470807776,8,284
1472,49,97.82100409170616,8,279
1473,49,97.94649219407916,8,278
1474,49,97.70972555634852,8,289
1475,49,98.01935483870967,8,277
1476,49,98.0704670643069,8,281
1477,49,97.75371949045412,8,280
1478,49,97.83052826150404,8,281
1479,49,97.63093489965736,8,284
1480,50,98.5177865612648,8,284
1481,50,98.2075201375402,8,276
1482,50,98.16036983899252,8,279
1483,50,98.39112877379657,8,277
1484,50,98.46915947587088,8,282
1485,50,98.35748485905444,8,282
1486,50,98.29860447333206,8,274
1488,50,98.80733362938528,8,277
1489,50,98.19828469022018,8,282
1490,51,98.8394222069697,8,276
1491,51,98.4763507197607,8,282
1493,51,98.5601602604232,8,272
1494,51,98.6178709596905,8,277
1495,51,98.52378862909798,8,278
1496,51,98.57796153605211,8,271
1498,51,98.8555704949814,8,286
1499,51,98.590625,8,282
1500,52,99.05735447144518,8,270
1501,52,98.88174019607844,8,272
1502,52,98.84449907805778,8,272
1503,52,98.95903496417856,8,271
1504,52,99.0423866670759,8,271
1505,52,98.74265534143149,8,275
1506,52,99.0226416250498,8,275
1507,52,98.6623928989706,8,271
1508,52,99.16898353243104,8,273
1509,52,98.9360393603936,8,277
1510,53,99.2908227657912,8,269
1511,53,99.13932705571882,8,272
1512,53,99.1564486488115,8,270
1513,53,99.08760767129866,8,271
1515,53,99.17122094769084,8,272
1517,53,99.24850452400275,8,271
1518,53,99.21595722310671,8,269
1519,53,99.1829282892374,8,271
1520,54,99.46899522095698,8,268
1521,54,99.3633952254642,8,281
1522,54,99.40095021689731,8,268
1523,54,99.13117747540792,8,273
1524,54,99.20274021142149,8,279
1525,54,99.29421492484424,8,267
1526,54,99.38481559255864,8,271
1528,54,99.36330368034274,8,272
1530,55,99.56548188059442,8,268
1531,55,99.35955023618396,8,271
1532,55,99.23706196333256,8,282
1533,55,99.37017883454192,8,269
1534,55,99.46922056193388,8,270
1535,55,99.51143360989852,8,267
1537,55,99.4692330125401,8,267
1542,56,99.4899693981639,8,266
1543,56,99.53702388729512,8,273
1544,56,99.65992178200986,8,268
1546,56,99.5477444469888,8,271
1547,56,99.5884303189665,8,269
1548,56,99.67268173279444,8,269
1549,56,99.68304731446848,8,271
1550,57,99.70635120396008,8,268
1551,57,99.55240999244693,8,265
1552,57,99.54318821202752,8,271
1553,57,99.5726018213308,8,269
1554,57,99.63526005123065,8,267
1556,57,99.65682718598292,8,266
1557,57,99.64788732394366,8,266
1558,57,99.64842769050476,8,266
1559,57,99.65313715068952,8,272
1560,58,99.73629271508624,8,268
1561,58,99.72001097996156,8,268
1562,58,99.626486501332,8,267
1563,58,99.629273650968,8,270
1564,58,99.6910542432196,8,268
1566,58,99.75162399694308,8,266
1568,58,99.7810198998166,8,272
1569,58,99.63068337254472,8,266
1571,59,99.7395338741623,8,270
1572,59,99.76776214522968,8,273
1573,59,99.8022055436638,8,267
1574,59,99.71359865985788,8,269
1575,59,99.8006035783574,8,267
1576,59,99.7732181425486,8,266
1579,59,99.81839373322852,8,265
1580,60,99.80072271229676,8,265
1581,60,99.78272390037095,8,265
1583,60,99.8801725515258,8,264
1584,60,99.80851063829788,8,268
1585,60,99.82991841398922,8,265
1587,60,99.83181611895672,8,265
1588,60,99.78192649327164,8,266
1591,61,99.82909578523912,8,270
1593,61,99.87766151283252,8,266
1594,61,99.89299230066554,8,267
1595,61,99.86176317162231,8,265
1597,61,99.8378661087866,8,264
1598,61,99.8331116847897,8,265
1599,61,99.83366254288389,8,264
1600,62,99.8843722699008,8,265
1602,62,99.9123801669931,8,267
1603,62,99.8771310090616,8,265
1604,62,99.90506735086592,8,264
1605,62,99.89682212133718,8,264
1606,62,99.88932643553908,8,268
1607,62,99.88423543939082,8,270
1608,62,99.86647836692772,8,264
1609,62,99.9176827699748,8,264
1611,63,99.88377968671044,8,265
1612,63,99.85018536387184,8,264
1613,63,99.90914826498422,8,267
1614,63,99.93702453524106,8,267
1615,63,99.91133628879038,8,266
1616,63,99.87324764874388,8,264
1617,63,99.93173888860798,8,267
1618,63,99.9090219863533,8,263
1619,63,99.91144172865744,8,266
1620,64,99.93531050955414,8,265
1621,64,99.90803797782972,8,264
1622,64,99.94246835759668,8,268
1623,64,99.93289091044664,8,265
1625,64,99.90298507462688,8,264
1626,64,99.932528675313,8,266
1627,64,99.90226543704892,8,266
1628,64,99.9104767115112,8,265
1629,64,99.9526338094882,8,265
1631,65,99.9189009854759,8,265
1632,65,99.9409594095941,8,266
1633,65,99.95322155747594,8,264
1634,65,99.95602032838154,8,265
1635,65,99.91645370552388,8,264
1636,65,99.93382839497096,8,264
1637,65,99.95840164435852,8,264
1638,65,99.95821555855969,8,265
1639,65,99.95831903104006,8,265
1640,66,99.95902034519332,8,264
1641,66,99.94912297703266,8,264
1642,66,99.9273607748184,8,266
1646,66,99.96604990663724,8,266
1647,66,99.89551440929192,8,265
1648,66,99.96385803435896,8,263
1650,67,99.97390953725008,8,263
1652,67,99.98089004610276,8,266
1654,67,99.9621023709704,8,266
1655,67,99.95470150677092,8,264
1656,67,99.97141087339782,8,266
1657,67,99.97622670216812,8,264
1658,67,99.97382261250328,8,265
1659,67,99.96175908221797,8,263
1660,68,99.97662295158614,8,263
1661,68,99.96254155546193,8,266
1662,68,99.94829612220916,8,265
1663,68,99.9859164847546,8,265
1664,68,99.9790273343742,8,264
1666,68,99.97427081140503,8,264
1667,68,99.98366546880104,8,263
1668,68,99.97888959256912,8,265
1670,69,99.98616937900512,8,263
1672,69,99.98369172704612,8,263
1673,69,99.98841788278897,8,264
1674,69,99.9884310141373,8,264
1675,69,99.97926076136048,8,263
1676,69,99.98147075854082,8,264
1677,69,99.97228381374724,8,263
1678,69,99.98149433263936,8,264
1679,69,99.98149732867682,8,264
1680,70,99.99318801089916,8,263
1681,70,99.97502100506392,8,265
1682,70,99.97028910981602,8,264
1683,70,99.98861618323392,8,264
1684,70,99.983999268538,8,264
1686,70,99.99087653673334,8,268
1687,70,99.97501192612616,8,265
1688,70,99.98860658539364,8,266
1689,70,99.99542804891988,8,264
1690,71,99.99552322327924,8,263
1693,71,99.98202852970908,8,264
1694,71,99.99327474892397,8,262
1695,71,99.98197142470816,8,265
1696,71,99.99774774774777,8,265
1697,71,99.9842555105713,8,263
1698,71,99.97987117552334,8,267
1699,71,99.9932718831999,8,263
1701,72,99.9779268938725,8,263
1702,72,99.99778951789384,8,264
1703,72,99.98675847457628,8,264
1704,72,99.97792299540798,8,264
1705,72,99.98452525699126,8,264
1706,72,99.99112058248978,8,264
1707,72,99.99114005360268,8,263
1708,72,99.99116373597244,8,263
1709,72,99.99779764788796,8,263
1710,73,99.9978220625068,8,263
1712,73,99.9956375692536,8,264
1713,73,99.99563414101723,8,263
1716,73,99.99782674838092,8,265
1717,73,99.9956330924256,8,263
1718,73,99.99344090253182,8,263
1719,73,99.99128312412832,8,263
1721,74,100,8,264
1722,74,99.99141354513256,8,263
1723,74,99.99136926595608,8,263
1724,74,99.9957108237363,8,264
1725,74,99.99568751751946,8,263
1726,74,99.9978508951022,8,265
1728,74,99.99784347976106,8,263
1729,74,99.99570299071846,8,264
1730,75,99.99787748864456,8,263
1731,75,99.99576019672686,8,263
1732,75,99.99787910922588,8,264
1733,75,99.9935952177626,8,265
1734,75,99.99787978373794,8,263
1735,75,99.99361185639452,8,263
1736,75,100,8,265
1737,75,99.99574522401396,8,263
1738,75,99.995747666532,8,263
1739,75,99.99361362426824,8,263
1740,76,99.99790523272864,8,262
1743,76,99.9978979673344,8,263
1744,76,99.9979068550497,8,263
1745,76,99.99790755581594,8,264
1746,76,100,8,265
1747,76,99.99790615381394,8,262
1748,76,99.9978977905779,8,265
1749,76,99.9979075120318,8,263
1750,77,99.99793281653749,8,262
1751,77,100,8,262
1752,77,99.99793482301432,8,264
1753,77,100,8,263
1754,77,100,8,263
1756,77,100,8,263
1758,77,99.99793371353005,8,263
1759,77,99.99587015775997,8,263
1760,78,99.99795930861376,8,262
1761,78,100,8,263
1762,78,100,8,264
1766,78,99.99590993680852,8,263
1767,78,100,8,263
1768,78,99.99590968586386,8,264
1769,78,100,8,264
1770,79,100,8,262
1771,79,99.99798004282307,8,263
1772,79,100,8,262
1773,79,100,8,263
1774,79,100,8,263
1775,79,100,8,264
1776,79,100,8,264
1777,79,100,8,263
1779,79,100,8,263
1780,80,100,8,262
1782,80,99.99600543261164,8,263
1783,80,100,8,262
1784,80,100,8,263
1785,80,99.99601498366142,8,262
1787,80,100,8,263
1788,80,100,8,264
1789,80,99.99800911823846,8,263
1790,81,100,8,262
1791,81,100,8,263
1792,81,100,8,263
1793,81,99.99803555642865,8,264
1794,81,99.9921483953283,8,263
1795,81,100,8,262
1796,81,100,8,263
1797,81,100,8,262
1798,81,100,8,263
1799,81,99.99409925060483,8,263
1801,82,100,8,263
1803,82,100,8,263
1804,82,100,8,264
1805,82,99.99804763764156,8,263
1806,82,100,8,263
1807,82,100,8,263
1808,82,100,8,263
1809,82,100,8,263
1810,83,100,8,262
1811,83,100,8,264
1812,83,100,8,263
1814,83,100,8,262
1815,83,100,8,263
1816,83,100,8,262
1817,83,99.99808135072908,8,262
1818,83,100,8,262
1820,84,100,8,262
1821,84,100,8,263
1822,84,100,8,262
1823,84,100,8,262
1824,84,100,8,263
1825,84,100,8,262
1826,84,100,8,263
1827,84,100,8,262
1828,84,100,8,262
1829,84,100,8,263
1831,85,100,8,263
1833,85,100,8,263
1834,85,100,8,263
1835,85,100,8,263
1836,85,100,8,263
1837,85,100,8,263
1838,85,100,8,262
1839,85,100,8,262
1840,86,100,8,262
1841,86,100,8,263
1842,86,100,8,262
1844,86,100,8,262
1845,86,100,8,262
1846,86,100,8,262
1847,86,100,8,262
1848,86,100,8,262
1849,86,100,8,262
1850,87,100,8,262
1851,87,100,8,263
1852,87,100,8,262
1853,87,100,8,262
1854,87,100,8,262
1855,87,100,8,263
1856,87,100,8,263
1858,87,100,8,262
1859,87,99.9981673569622,8,263
1861,88,100,8,263
1864,88,100,8,262
1865,88,100,8,263
1867,88,100,8,262
1868,88,100,8,262
1869,88,100,8,262
1870,89,100,8,262
1871,89,100,8,262
1872,89,100,8,262
1873,89,100,8,262
1874,89,100,8,262
1875,89,100,8,262
1876,89,100,8,263
1877,89,100,8,262
1879,89,100,8,263
1880,90,100,8,262
1881,90,100,8,263
1882,90,100,8,262
1883,90,100,8,263
1884,90,100,8,263
1885,90,100,8,263
1886,90,100,8,262
1887,90,100,8,262
1888,90,100,8,262
1889,90,100,8,262
1891,91,100,8,263
1892,91,100,8,262
1896,91,100,8,262
1897,91,100,8,262
1898,91,100,8,262
1900,92,100,8,262
1901,92,100,8,262
1903,92,100,8,262
1904,92,100,8,262
1906,92,100,8,262
1907,92,100,8,262
1908,92,100,8,262
1909,92,100,8,262
1910,93,100,8,262
1911,93,100,8,262
1912,93,100,8,262
1913,93,100,8,263
1914,93,100,8,262
1915,93,100,8,262
1916,93,100,8,262
1917,93,100,8,262
1918,93,100,8,262
1919,93,100,8,262
1921,94,100,8,262
1923,94,100,8,263
1925,94,100,8,262
1927,94,100,8,262
1928,94,100,8,262
1929,94,100,8,262
1930,95,100,8,262
1931,95,100,8,262
1933,95,100,8,262
1935,95,100,8,262
1936,95,100,8,262
1939,95,100,8,262
1940,96,100,8,262
1941,96,100,8,262
1943,96,100,8,262
1944,96,100,8,262
1945,96,100,8,262
1946,96,100,8,262
1947,96,100,8,262
1948,96,100,8,262
1949,96,100,8,262
1950,97,100,8,262
1952,97,100,8,262
1953,97,100,8,262
1954,97,100,8,262
1955,97,100,8,263
1956,97,100,8,262
1957,97,100,8,262
1958,97,100,8,262
1959,97,100,8,262
1960,98,100,8,262
1961,98,100,8,262
1962,98,100,8,262
1963,98,100,8,262
1964,98,100,8,262
1965,98,100,8,262
1967,98,100,8,262
1968,98,100,8,262
1970,99,100,8,262
1971,99,100,8,262
1973,99,100,8,262
1974,99,100,8,262
1976,99,100,8,262
1977,99,100,8,262
1978,99,100,8,262
