initial_number_sheep,initial_number_wolves,grass_regrowth_time,sheep_gain_from_food,wolf_gain_from_food,sheep_reproduce,wolf_reproduce,technique,sample_size
75,17,15,31,99,1,1,random,1250
169,43,88,13,98,19,5,random,1250
169,234,24,20,87,11,17,random,1250
82,165,39,28,24,6,20,random,1250
37,176,40,24,90,3,2,random,1250
115,82,18,47,5,11,12,random,1250
233,130,88,31,47,13,7,random,1250
10,119,36,10,14,4,7,random,1250
193,11,61,25,93,6,3,random,1250
158,84,56,40,83,18,18,random,1250
47,97,0,26,81,1,20,random,1250
181,206,34,41,16,2,17,random,1250
45,216,23,16,12,19,19,random,1250
188,193,33,33,31,18,1,random,1250
158,2,73,18,84,11,20,random,1250
196,115,83,23,63,17,15,random,1250
151,185,48,40,78,16,2,random,1250
67,88,39,48,5,5,4,random,1250
151,187,75,48,76,8,6,random,1250
38,42,5,42,10,16,4,random,1250
149,242,93,11,26,2,1,random,1250
218,94,89,39,81,7,16,random,1250
186,93,54,22,82,10,13,random,1250
238,5,35,29,1,13,8,random,1250
219,53,72,44,9,14,1,random,1250
211,70,8,7,75,4,19,random,1250
112,147,9,49,74,1,11,random,1250
171,75,70,46,43,15,13,random,1250
197,242,56,27,75,2,3,random,1250
176,202,35,42,12,18,2,random,1250
173,231,92,14,28,13,19,random,1250
210,46,48,43,37,17,14,random,1250
163,71,32,8,48,16,3,random,1250
224,209,81,0,12,12,3,random,1250
207,8,29,2,90,18,13,random,1250
212,99,57,19,99,3,2,random,1250
41,21,39,28,31,1,3,random,1250
243,97,4,2,4,7,18,random,1250
45,171,53,40,40,13,8,random,1250
69,191,56,10,38,13,5,random,1250
119,39,42,18,54,8,19,random,1250
167,157,91,22,58,16,20,random,1250
85,207,70,37,59,3,0,random,1250
19,179,87,28,53,7,18,random,1250
183,18,55,39,4,9,18,random,1250
90,195,37,36,71,9,16,random,1250
231,220,15,47,95,10,12,random,1250
37,98,3,12,70,9,13,random,1250
153,203,5,38,79,9,1,random,1250
133,223,91,48,38,10,9,random,1250
225,66,83,2,40,11,15,random,1250
160,186,10,37,93,13,14,random,1250
10,88,78,11,56,2,17,random,1250
80,150,0,29,81,7,6,random,1250
236,113,83,2,75,16,2,random,1250
249,62,20,43,39,1,20,random,1250
148,103,6,39,57,7,3,random,1250
152,94,48,19,63,7,14,random,1250
213,186,40,47,28,7,6,random,1250
17,191,9,10,67,15,13,random,1250
114,247,48,36,52,1,2,random,1250
228,0,32,7,39,15,17,random,1250
139,211,17,41,42,1,17,random,1250
114,147,35,8,35,5,20,random,1250
4,200,71,24,61,6,18,random,1250
187,180,1,43,61,20,18,random,1250
181,131,65,47,86,5,13,random,1250
78,9,9,42,51,16,7,random,1250
240,89,83,30,97,2,6,random,1250
225,176,29,14,52,18,19,random,1250
51,38,33,10,28,3,14,random,1250
157,107,25,32,73,17,1,random,1250
222,34,55,11,43,5,16,random,1250
203,126,5,44,93,6,0,random,1250
37,92,69,6,22,19,20,random,1250
98,167,28,17,54,8,16,random,1250
62,87,98,10,75,18,11,random,1250
191,239,94,6,34,18,0,random,1250
53,39,38,41,92,20,1,random,1250
216,192,51,31,46,8,16,random,1250
2,118,39,31,16,11,19,random,1250
191,55,24,48,15,20,20,random,1250
13,188,97,42,81,18,12,random,1250
26,231,43,25,92,16,1,random,1250
202,123,10,36,21,1,13,random,1250
120,228,68,37,67,3,7,random,1250
76,13,26,9,51,20,18,random,1250
181,43,84,20,73,7,12,random,1250
29,147,37,35,83,9,13,random,1250
250,138,77,20,35,19,4,random,1250
41,51,78,48,4,5,10,random,1250
108,71,57,47,99,8,2,random,1250
123,157,93,2,48,1,16,random,1250
38,111,46,18,34,14,9,random,1250
140,244,6,12,46,8,2,random,1250
14,237,84,29,38,15,20,random,1250
87,238,45,28,35,18,19,random,1250
44,75,75,36,45,4,17,random,1250
45,164,9,1,34,15,14,random,1250
115,221,31,11,58,2,6,random,1250
231,131,65,11,15,20,3,random,1250
112,46,82,29,39,5,1,random,1250
32,89,56,37,94,16,17,random,1250
72,187,79,40,20,16,0,random,1250
139,87,68,11,79,12,4,random,1250
55,207,41,1,89,17,7,random,1250
49,151,68,17,82,5,14,random,1250
156,30,50,1,34,5,17,random,1250
90,39,89,49,90,10,13,random,1250
97,99,40,10,83,12,20,random,1250
181,177,34,20,60,15,12,random,1250
206,177,52,27,51,12,19,random,1250
200,30,56,11,81,12,14,random,1250
119,72,99,8,98,3,2,random,1250
125,219,14,50,77,5,6,random,1250
235,11,18,36,44,11,12,random,1250
160,244,84,19,67,14,0,random,1250
102,89,50,30,85,13,12,random,1250
163,176,22,9,0,7,12,random,1250
31,110,3,29,32,5,3,random,1250
232,231,74,3,90,4,7,random,1250
25,144,55,28,82,19,15,random,1250
72,233,18,49,19,4,9,random,1250
203,144,43,38,71,5,8,random,1250
236,197,64,3,19,11,1,random,1250
53,153,69,31,29,10,17,random,1250
164,151,75,50,60,20,14,random,1250
248,237,50,21,62,2,17,random,1250
5,132,91,33,1,8,4,random,1250
116,99,8,44,82,19,20,random,1250
113,130,92,35,57,4,2,random,1250
133,149,65,40,27,3,4,random,1250
211,46,36,7,61,1,11,random,1250
194,214,20,49,2,1,3,random,1250
175,29,25,6,76,16,16,random,1250
102,50,65,15,77,14,3,random,1250
124,185,9,34,38,7,19,random,1250
107,148,47,6,99,17,3,random,1250
149,66,54,42,67,5,12,random,1250
117,91,95,30,41,19,0,random,1250
28,54,9,3,24,17,15,random,1250
7,177,43,4,69,4,0,random,1250
229,39,53,23,0,18,18,random,1250
247,169,79,3,41,2,4,random,1250
218,59,58,21,61,7,18,random,1250
79,67,20,30,4,6,13,random,1250
30,124,97,7,10,4,9,random,1250
193,188,44,45,4,12,7,random,1250
54,136,19,6,17,12,15,random,1250
49,163,91,37,47,13,1,random,1250
83,37,51,29,65,8,13,random,1250
21,194,53,32,71,4,20,random,1250
53,97,51,34,80,15,8,random,1250
103,122,24,49,52,5,14,random,1250
95,53,20,46,52,10,18,random,1250
86,123,62,5,44,12,8,random,1250
190,11,72,44,30,20,13,random,1250
83,245,86,29,43,14,20,random,1250
3,123,33,0,95,18,3,random,1250
81,128,41,33,23,4,2,random,1250
168,73,81,15,60,9,1,random,1250
223,91,22,0,37,13,20,random,1250
145,12,86,4,63,13,17,random,1250
9,164,64,8,96,10,0,random,1250
242,38,11,36,16,18,2,random,1250
5,19,88,34,34,20,7,random,1250
229,141,98,16,86,16,18,random,1250
142,36,16,44,92,19,4,random,1250
32,67,68,17,20,5,16,random,1250
30,82,0,40,99,20,16,random,1250
214,249,31,35,39,5,14,random,1250
138,133,66,18,2,3,13,random,1250
33,66,77,0,79,5,0,random,1250
44,12,5,3,50,15,19,random,1250
104,111,57,21,40,12,9,random,1250
39,103,9,35,55,16,15,random,1250
13,193,63,16,42,12,7,random,1250
155,204,90,38,6,15,2,random,1250
190,56,24,6,42,13,15,random,1250
146,116,53,25,31,14,9,random,1250
106,140,89,11,42,5,13,random,1250
147,18,9,20,11,17,20,random,1250
183,76,86,42,1,16,10,random,1250
31,220,58,34,46,7,7,random,1250
184,70,2,32,10,4,2,random,1250
211,157,31,31,62,7,20,random,1250
37,40,51,2,29,3,2,random,1250
80,59,66,44,89,14,16,random,1250
82,231,6,26,72,16,1,random,1250
194,191,98,35,49,19,13,random,1250
147,108,67,1,71,8,16,random,1250
194,3,94,31,86,13,11,random,1250
86,142,89,38,12,4,15,random,1250
191,159,52,31,15,11,10,random,1250
48,114,0,41,28,5,16,random,1250
179,231,49,15,33,19,16,random,1250
76,219,24,39,12,16,3,random,1250
32,129,67,31,65,2,16,random,1250
19,48,39,43,85,6,8,random,1250
178,120,35,0,14,11,10,random,1250
187,203,25,30,66,17,17,random,1250
83,213,82,19,6,7,4,random,1250
27,188,13,13,74,20,16,random,1250
174,20,84,27,59,19,10,random,1250
105,113,100,19,63,8,10,random,1250
68,30,0,39,83,3,17,random,1250
63,209,15,20,22,10,7,random,1250
154,201,93,5,4,12,2,random,1250
103,90,81,12,87,7,12,random,1250
15,7,14,5,34,15,11,random,1250
115,166,61,15,68,2,11,random,1250
17,156,96,12,7,3,7,random,1250
220,162,53,32,0,1,3,random,1250
241,21,9,33,33,20,2,random,1250
31,25,51,2,60,16,1,random,1250
183,74,75,2,48,19,15,random,1250
244,226,15,35,44,5,14,random,1250
59,41,38,33,61,20,19,random,1250
161,88,4,30,44,9,3,random,1250
38,72,16,36,15,9,15,random,1250
44,239,62,36,78,12,2,random,1250
7,90,35,6,79,15,3,random,1250
160,246,3,47,82,3,8,random,1250
81,26,49,16,59,14,3,random,1250
213,77,63,21,87,5,15,random,1250
206,150,81,39,44,2,13,random,1250
78,128,76,35,74,15,16,random,1250
99,116,36,18,46,16,13,random,1250
223,68,96,34,95,9,18,random,1250
63,11,52,15,10,5,19,random,1250
96,43,4,43,61,12,13,random,1250
54,222,35,2,87,19,19,random,1250
227,174,83,33,13,1,2,random,1250
71,26,82,28,35,15,7,random,1250
220,108,54,3,82,2,5,random,1250
180,141,18,14,86,12,5,random,1250
219,14,65,5,82,14,6,random,1250
114,9,78,47,75,7,4,random,1250
180,93,55,8,61,11,13,random,1250
190,222,67,5,46,16,2,random,1250
48,196,76,44,3,16,20,random,1250
208,23,14,33,88,7,9,random,1250
93,37,76,39,55,10,14,random,1250
42,92,99,35,65,16,7,random,1250
90,23,42,3,71,9,4,random,1250
155,110,0,29,46,4,19,random,1250
55,97,60,36,20,16,10,random,1250
37,41,94,21,52,9,11,random,1250
239,189,41,26,1,19,15,random,1250
100,117,21,43,27,9,11,random,1250
237,16,11,33,75,20,9,random,1250
117,11,85,42,41,9,19,random,1250
158,217,14,31,0,4,16,random,1250
136,93,22,38,99,3,12,random,1250
109,34,50,37,91,9,10,random,1250
51,159,52,17,5,10,20,random,1250
116,202,13,33,78,12,18,random,1250
193,108,22,33,94,15,3,random,1250
62,191,91,29,88,17,5,random,1250
245,30,18,3,75,20,20,random,1250
121,100,98,20,81,10,5,random,1250
49,119,44,18,64,12,5,random,1250
217,93,22,44,5,11,13,random,1250
111,34,2,13,67,18,2,random,1250
234,214,57,25,18,14,17,random,1250
38,166,61,26,68,2,11,random,1250
131,0,95,44,83,5,3,random,1250
228,105,25,6,21,12,12,random,1250
177,43,80,30,31,4,11,random,1250
72,14,10,15,23,18,1,random,1250
248,61,86,1,58,14,20,random,1250
130,151,97,43,90,10,17,random,1250
225,132,2,0,1,14,19,random,1250
180,220,90,3,7,7,6,random,1250
234,32,47,48,11,1,3,random,1250
99,81,93,15,69,16,13,random,1250
156,46,21,37,66,9,0,random,1250
178,194,79,32,24,15,20,random,1250
83,0,91,48,70,10,15,random,1250
31,30,15,26,83,17,3,random,1250
40,229,52,15,36,17,4,random,1250
108,246,45,31,82,11,7,random,1250
9,174,31,9,24,7,10,random,1250
134,57,52,49,68,10,11,random,1250
215,11,40,32,72,12,12,random,1250
235,155,6,47,34,12,12,random,1250
21,64,17,31,74,5,3,random,1250
24,120,26,41,35,3,14,random,1250
210,46,100,9,96,4,1,random,1250
104,100,52,19,0,11,6,random,1250
4,111,29,42,24,9,17,random,1250
25,155,49,21,45,10,6,random,1250
51,69,54,17,79,6,15,random,1250
109,108,90,24,27,14,14,random,1250
230,167,86,26,73,10,6,random,1250
113,108,70,42,11,2,1,random,1250
197,99,36,37,17,6,4,random,1250
64,183,48,17,22,20,5,random,1250
92,213,71,11,74,13,13,random,1250
159,73,84,39,18,6,13,random,1250
168,129,50,34,57,3,13,random,1250
198,199,1,30,61,3,1,random,1250
118,1,44,18,7,16,12,random,1250
191,234,88,1,61,13,4,random,1250
192,241,83,49,2,2,14,random,1250
243,143,38,36,56,2,1,random,1250
78,91,72,32,87,16,7,random,1250
207,172,73,46,93,20,17,random,1250
21,58,28,20,70,18,8,random,1250
103,22,75,43,97,18,9,random,1250
121,194,31,13,91,4,6,random,1250
136,30,98,37,84,15,5,random,1250
59,42,75,43,24,10,0,random,1250
218,13,51,0,47,11,10,random,1250
130,169,59,42,36,10,3,random,1250
78,55,10,32,35,18,17,random,1250
210,111,32,26,0,12,7,random,1250
162,85,67,22,8,19,1,random,1250
20,219,43,37,66,17,3,random,1250
104,217,85,10,4,7,14,random,1250
169,36,4,28,63,2,12,random,1250
122,45,13,43,13,2,5,random,1250
79,32,14,10,14,15,18,random,1250
101,156,70,27,53,16,8,random,1250
182,112,19,46,76,15,6,random,1250
234,232,12,35,36,18,7,random,1250
98,219,12,24,56,16,4,random,1250
227,243,39,19,73,16,5,random,1250
143,11,87,15,32,4,17,random,1250
47,212,14,2,57,7,20,random,1250
6,47,26,1,86,8,6,random,1250
245,228,43,43,57,11,10,random,1250
241,140,13,9,3,18,4,random,1250
67,102,49,0,47,10,5,random,1250
191,222,32,40,98,19,1,random,1250
65,188,38,47,3,5,18,random,1250
3,169,52,47,36,10,6,random,1250
14,170,99,50,98,12,10,random,1250
162,122,62,8,91,6,9,random,1250
4,160,53,9,100,20,15,random,1250
170,155,18,5,71,9,19,random,1250
37,46,68,42,38,19,6,random,1250
31,244,92,16,17,3,0,random,1250
144,217,43,32,43,13,13,random,1250
58,25,74,1,46,13,4,random,1250
144,208,0,8,60,2,4,random,1250
52,79,41,12,4,12,8,random,1250
136,183,0,11,57,19,0,random,1250
31,120,91,10,40,2,19,random,1250
32,217,8,23,20,2,16,random,1250
234,112,10,21,83,11,14,random,1250
203,206,17,1,32,9,5,random,1250
46,124,10,41,43,19,12,random,1250
181,228,79,50,91,7,2,random,1250
224,0,79,19,58,20,8,random,1250
177,84,7,40,25,15,7,random,1250
199,180,7,16,24,7,8,random,1250
56,79,18,27,54,13,6,random,1250
95,92,21,9,98,7,17,random,1250
167,108,50,0,25,14,13,random,1250
138,19,58,42,7,8,13,random,1250
161,235,20,21,76,11,2,random,1250
93,245,89,10,16,4,10,random,1250
115,144,21,37,53,15,9,random,1250
11,96,35,25,0,6,6,random,1250
7,128,42,4,31,13,17,random,1250
84,244,9,25,95,10,15,random,1250
181,135,41,45,46,4,8,random,1250
109,119,68,37,10,14,15,random,1250
186,87,12,18,94,2,16,random,1250
110,154,35,2,63,15,9,random,1250
95,27,15,28,69,9,13,random,1250
228,66,43,31,18,6,1,random,1250
134,111,11,45,2,11,0,random,1250
97,243,68,1,95,13,7,random,1250
126,164,5,27,53,10,9,random,1250
10,70,48,16,50,14,13,random,1250
217,224,82,34,92,16,4,random,1250
204,235,33,10,56,5,15,random,1250
154,85,7,2,53,7,10,random,1250
128,66,20,26,66,12,14,random,1250
184,61,17,7,44,16,12,random,1250
230,197,14,22,36,8,5,random,1250
238,135,91,17,99,14,2,random,1250
10,36,15,10,96,15,19,random,1250
84,45,17,6,70,5,16,random,1250
96,162,74,16,97,2,8,random,1250
229,191,3,20,73,2,1,random,1250
199,11,42,2,30,13,15,random,1250
102,170,31,36,97,13,16,random,1250
207,51,75,1,15,20,2,random,1250
27,123,60,2,63,10,8,random,1250
6,35,98,43,41,7,14,random,1250
206,95,11,36,29,20,7,random,1250
10,81,33,23,17,8,1,random,1250
49,144,40,22,100,3,2,random,1250
230,126,54,41,6,9,10,random,1250
98,124,42,38,37,7,8,random,1250
223,5,59,41,97,11,6,random,1250
107,59,73,27,65,9,4,random,1250
207,99,3,5,3,3,2,random,1250
137,103,58,10,50,18,6,random,1250
211,165,41,33,31,19,9,random,1250
227,14,31,39,28,12,15,random,1250
250,145,9,47,68,17,6,random,1250
237,141,99,18,51,1,15,random,1250
141,149,85,49,1,3,12,random,1250
244,163,69,49,62,19,11,random,1250
153,103,29,36,25,10,5,random,1250
9,93,62,20,5,19,19,random,1250
12,29,14,34,53,10,15,random,1250
232,35,48,1,52,18,3,random,1250
155,217,24,49,83,20,12,random,1250
182,204,23,25,12,19,4,random,1250
233,101,55,3,87,8,19,random,1250
109,161,37,44,5,6,17,random,1250
182,3,60,30,67,7,5,random,1250
55,131,49,20,44,8,0,random,1250
11,14,32,19,84,14,20,random,1250
153,71,89,42,96,6,13,random,1250
174,149,47,26,61,20,5,random,1250
114,8,82,7,71,7,4,random,1250
33,30,50,22,57,16,12,random,1250
15,3,41,39,66,1,8,random,1250
16,122,42,20,79,18,0,random,1250
181,179,91,43,39,9,14,random,1250
78,67,59,14,69,11,3,random,1250
147,102,50,15,25,6,10,random,1250
31,249,71,43,51,20,12,random,1250
86,221,10,12,71,6,14,random,1250
134,94,47,12,28,10,5,random,1250
228,231,68,22,77,6,5,random,1250
69,197,12,24,87,17,19,random,1250
4,154,38,9,59,6,8,random,1250
222,89,5,12,59,9,0,random,1250
19,53,95,37,61,16,20,random,1250
31,141,99,12,72,10,16,random,1250
112,116,96,37,52,3,13,random,1250
240,181,99,36,66,14,3,random,1250
67,61,28,10,19,11,18,random,1250
191,129,71,32,14,20,6,random,1250
126,184,9,30,5,4,14,random,1250
11,214,52,45,9,11,12,random,1250
30,217,33,33,19,10,7,random,1250
191,92,27,16,48,17,11,random,1250
114,87,61,1,52,4,18,random,1250
77,40,15,38,80,8,17,random,1250
190,121,12,19,40,15,9,random,1250
72,12,97,20,98,18,8,random,1250
107,249,52,41,52,9,8,random,1250
123,60,32,45,85,19,3,random,1250
21,91,77,44,26,10,0,random,1250
99,111,80,10,41,15,11,random,1250
243,197,95,31,72,6,16,random,1250
143,125,80,10,46,16,17,random,1250
104,169,25,23,38,9,19,random,1250
8,44,19,25,5,9,2,random,1250
28,216,38,35,42,14,11,random,1250
243,244,49,26,83,10,17,random,1250
13,42,91,8,59,17,17,random,1250
113,164,75,10,97,15,13,random,1250
199,220,6,28,36,4,3,random,1250
34,210,53,17,36,2,4,random,1250
196,19,52,29,77,2,3,random,1250
5,88,67,17,57,3,3,random,1250
113,83,35,46,73,6,1,random,1250
79,87,12,15,3,12,8,random,1250
30,113,3,30,74,19,5,random,1250
175,28,43,39,13,14,14,random,1250
35,236,36,42,84,11,11,random,1250
104,138,47,38,27,15,18,random,1250
207,227,49,9,85,18,7,random,1250
29,17,38,19,14,8,16,random,1250
30,1,19,47,17,6,3,random,1250
121,111,22,17,93,3,4,random,1250
235,115,98,33,53,20,14,random,1250
102,141,45,35,36,19,4,random,1250
97,192,62,42,45,1,8,random,1250
209,129,32,19,81,5,4,random,1250
83,94,82,10,12,16,20,random,1250
113,64,89,21,79,12,13,random,1250
239,38,16,50,49,4,9,random,1250
95,106,73,42,99,11,4,random,1250
92,119,51,49,20,2,9,random,1250
150,125,5,0,46,13,5,random,1250
69,83,46,37,2,16,19,random,1250
130,156,44,11,38,1,4,random,1250
1,136,51,19,74,17,16,random,1250
0,52,96,12,15,9,2,random,1250
249,221,18,15,100,20,6,random,1250
192,193,83,41,74,1,15,random,1250
6,227,96,34,49,18,6,random,1250
129,135,93,40,17,11,2,random,1250
39,230,82,8,82,14,5,random,1250
232,126,45,42,20,10,16,random,1250
12,200,11,3,100,14,18,random,1250
143,107,2,14,4,10,8,random,1250
217,227,40,50,40,11,14,random,1250
112,57,20,39,96,15,8,random,1250
91,82,4,4,40,2,17,random,1250
122,214,21,35,55,5,10,random,1250
223,80,75,15,28,2,14,random,1250
87,13,43,41,36,15,16,random,1250
230,44,100,19,16,9,4,random,1250
168,34,76,4,59,6,14,random,1250
81,89,65,6,88,5,3,random,1250
244,155,100,36,80,9,13,random,1250
131,120,97,49,10,14,19,random,1250
29,94,33,11,59,8,17,random,1250
164,65,26,18,61,4,9,random,1250
195,181,3,19,100,4,11,random,1250
101,131,0,19,24,19,13,random,1250
12,60,5,30,23,20,16,random,1250
191,52,47,42,33,6,4,random,1250
72,84,23,9,25,2,4,random,1250
198,24,34,9,33,4,1,random,1250
145,3,42,46,33,16,18,random,1250
171,49,58,40,98,11,16,random,1250
122,128,83,17,40,12,7,random,1250
133,110,95,32,70,4,10,random,1250
156,130,2,32,64,6,15,random,1250
170,75,46,24,73,9,2,random,1250
239,236,54,41,7,9,14,random,1250
94,150,51,33,10,1,3,random,1250
19,209,19,18,98,2,13,random,1250
70,73,97,13,27,10,19,random,1250
15,11,83,37,23,17,3,random,1250
184,36,100,22,92,20,6,random,1250
105,124,99,37,54,17,13,random,1250
249,157,80,26,48,15,9,random,1250
155,117,17,14,99,12,13,random,1250
127,150,67,34,74,5,5,random,1250
80,225,26,1,19,17,4,random,1250
140,80,13,25,34,3,17,random,1250
125,241,67,15,75,20,4,random,1250
184,122,26,24,67,6,18,random,1250
40,39,50,38,42,15,14,random,1250
200,168,7,13,2,6,11,random,1250
121,250,37,9,15,16,1,random,1250
169,214,61,15,66,3,13,random,1250
106,242,81,16,46,15,0,random,1250
76,162,0,33,56,6,8,random,1250
141,186,48,45,80,12,17,random,1250
127,45,85,44,9,15,4,random,1250
149,126,18,39,88,8,16,random,1250
236,57,46,2,79,9,15,random,1250
55,122,66,12,18,19,14,random,1250
127,242,90,42,59,20,11,random,1250
42,210,54,21,19,16,18,random,1250
188,216,56,22,22,18,20,random,1250
140,170,64,7,50,14,14,random,1250
14,86,4,1,32,17,7,random,1250
13,128,2,10,79,10,3,random,1250
82,191,95,18,67,8,16,random,1250
32,220,73,34,71,6,7,random,1250
220,85,66,17,16,20,12,random,1250
54,29,59,44,92,5,2,random,1250
163,28,100,34,59,8,5,random,1250
240,181,23,47,26,15,10,random,1250
140,145,36,50,56,10,4,random,1250
87,104,12,37,10,14,20,random,1250
243,170,51,10,82,15,18,random,1250
221,7,19,45,26,19,11,random,1250
246,11,87,48,87,2,1,random,1250
54,87,18,20,45,7,12,random,1250
44,94,74,27,37,3,1,random,1250
205,196,45,32,39,19,3,random,1250
157,250,15,15,95,13,15,random,1250
113,188,38,41,97,17,12,random,1250
142,81,49,42,36,15,3,random,1250
8,176,33,11,0,16,13,random,1250
42,178,58,15,12,3,0,random,1250
88,196,39,39,71,6,8,random,1250
116,172,48,19,91,19,17,random,1250
183,93,81,24,19,18,2,random,1250
234,229,85,3,37,8,19,random,1250
176,90,95,32,86,7,19,random,1250
117,78,85,19,17,5,1,random,1250
236,9,41,37,26,8,3,random,1250
21,64,21,42,39,13,4,random,1250
240,140,41,45,32,2,13,random,1250
202,117,17,36,92,10,1,random,1250
175,77,41,16,55,19,20,random,1250
107,92,28,49,16,14,0,random,1250
113,164,15,19,34,9,5,random,1250
106,21,99,41,67,18,7,random,1250
21,231,94,41,54,8,20,random,1250
191,116,11,24,41,17,2,random,1250
217,146,3,13,100,11,1,random,1250
150,237,11,3,62,18,8,random,1250
53,180,8,34,97,14,2,random,1250
133,106,88,25,81,16,10,random,1250
164,116,87,35,73,13,11,random,1250
33,207,68,47,11,12,8,random,1250
142,12,20,43,61,4,2,random,1250
209,150,84,47,79,20,15,random,1250
209,93,92,40,70,12,1,random,1250
110,239,13,45,29,1,16,random,1250
209,9,9,24,81,4,0,random,1250
249,163,21,26,38,13,3,random,1250
161,246,66,19,63,4,5,random,1250
23,103,9,4,36,5,13,random,1250
149,171,88,17,88,17,0,random,1250
218,155,36,17,10,19,8,random,1250
248,94,35,23,32,16,0,random,1250
178,241,49,18,98,20,18,random,1250
3,154,83,1,64,3,10,random,1250
162,146,2,37,27,20,6,random,1250
216,135,36,43,88,11,15,random,1250
201,72,49,38,76,13,6,random,1250
96,79,72,20,35,18,20,random,1250
77,14,92,6,77,5,10,random,1250
98,92,93,30,37,18,14,random,1250
12,203,15,15,1,1,9,random,1250
90,4,27,30,48,6,11,random,1250
95,176,98,7,62,17,13,random,1250
181,130,95,7,86,5,3,random,1250
0,15,94,31,31,9,0,random,1250
200,192,55,13,71,13,11,random,1250
207,114,42,50,11,13,8,random,1250
233,39,4,1,7,7,7,random,1250
8,109,45,50,38,3,4,random,1250
76,207,30,27,11,13,9,random,1250
125,3,38,2,38,13,9,random,1250
161,97,23,34,77,2,17,random,1250
18,191,67,49,33,12,6,random,1250
120,115,1,35,79,11,0,random,1250
19,234,18,29,81,4,3,random,1250
189,117,98,31,67,13,7,random,1250
207,114,99,6,92,11,11,random,1250
163,107,24,20,83,18,7,random,1250
47,245,24,13,77,15,3,random,1250
146,153,7,43,69,18,2,random,1250
144,156,7,8,85,15,12,random,1250
65,54,25,9,79,5,12,random,1250
232,29,65,9,90,5,5,random,1250
15,211,81,16,47,2,13,random,1250
211,29,26,1,24,12,7,random,1250
44,208,40,42,27,6,8,random,1250
86,14,44,38,1,8,0,random,1250
97,104,79,42,40,10,20,random,1250
15,31,0,19,19,9,0,random,1250
192,93,17,1,96,7,14,random,1250
133,214,59,32,15,1,15,random,1250
218,167,44,6,60,16,2,random,1250
161,139,29,47,50,10,14,random,1250
35,79,28,43,80,19,13,random,1250
66,228,26,24,46,6,2,random,1250
98,76,83,48,36,4,5,random,1250
181,111,60,13,40,14,16,random,1250
71,241,39,39,55,6,0,random,1250
128,173,98,48,94,20,2,random,1250
243,107,49,5,8,20,6,random,1250
44,185,48,31,24,12,2,random,1250
48,5,84,31,72,5,12,random,1250
155,135,70,23,1,20,7,random,1250
118,83,43,38,76,20,9,random,1250
38,14,3,28,23,17,11,random,1250
122,217,68,25,64,3,5,random,1250
10,1,55,27,11,2,1,random,1250
109,198,16,46,87,2,7,random,1250
68,46,36,44,38,5,4,random,1250
153,130,64,48,79,9,5,random,1250
46,122,24,39,98,5,14,random,1250
203,147,61,44,26,8,11,random,1250
83,1,27,12,46,10,3,random,1250
81,211,74,28,92,5,15,random,1250
55,182,44,1,5,4,0,random,1250
104,166,77,33,41,15,19,random,1250
187,97,60,17,53,2,1,random,1250
108,201,100,28,40,2,12,random,1250
44,146,24,25,57,5,7,random,1250
72,5,63,6,12,5,14,random,1250
14,180,89,9,37,12,5,random,1250
184,100,4,1,8,3,9,random,1250
99,181,73,30,76,18,20,random,1250
140,223,12,43,48,8,2,random,1250
67,64,54,9,32,10,1,random,1250
35,55,38,29,28,13,13,random,1250
38,135,5,50,59,3,13,random,1250
194,168,74,38,65,5,18,random,1250
194,109,39,50,48,19,2,random,1250
145,20,76,37,54,1,17,random,1250
184,48,20,18,71,20,15,random,1250
194,101,20,2,15,19,20,random,1250
130,38,79,44,74,9,3,random,1250
218,228,5,0,81,3,16,random,1250
55,166,69,38,46,14,7,random,1250
114,118,77,42,51,7,12,random,1250
112,134,90,20,92,15,15,random,1250
161,21,25,10,86,3,13,random,1250
170,59,68,40,2,6,8,random,1250
187,102,55,25,50,1,3,random,1250
78,16,5,0,56,6,1,random,1250
229,239,33,12,69,10,19,random,1250
4,4,95,26,54,8,12,random,1250
207,95,90,45,67,3,10,random,1250
86,161,29,5,16,12,19,random,1250
16,133,29,45,72,7,18,random,1250
88,128,83,49,69,2,11,random,1250
165,94,28,10,74,3,13,random,1250
27,52,73,4,95,8,7,random,1250
128,237,56,5,4,5,9,random,1250
137,185,79,36,47,18,5,random,1250
141,217,84,17,71,17,14,random,1250
50,225,59,41,87,1,11,random,1250
51,244,72,3,100,3,9,random,1250
157,228,99,37,88,8,7,random,1250
134,112,22,50,96,16,17,random,1250
176,134,76,16,49,12,17,random,1250
180,90,87,39,52,11,10,random,1250
134,7,71,8,90,18,11,random,1250
44,74,59,8,3,15,8,random,1250
15,67,85,48,52,9,2,random,1250
87,9,97,14,68,20,3,random,1250
46,181,1,2,20,20,15,random,1250
136,167,86,9,8,19,3,random,1250
96,67,58,11,8,18,8,random,1250
141,121,29,37,61,2,11,random,1250
154,116,81,45,41,15,5,random,1250
68,16,29,7,60,18,5,random,1250
190,199,11,22,23,18,0,random,1250
6,56,16,44,86,15,0,random,1250
53,250,68,23,71,3,13,random,1250
158,76,55,13,87,10,3,random,1250
225,18,73,34,92,20,11,random,1250
79,135,40,4,23,6,2,random,1250
154,201,3,39,43,2,14,random,1250
217,155,42,1,97,5,4,random,1250
228,189,23,28,53,8,1,random,1250
221,135,86,14,100,13,10,random,1250
17,138,8,21,29,1,3,random,1250
247,66,42,43,77,9,10,random,1250
114,120,97,25,20,14,12,random,1250
54,109,19,8,34,5,15,random,1250
238,30,38,23,39,12,4,random,1250
161,51,85,39,14,18,0,random,1250
136,45,82,18,45,20,13,random,1250
54,42,36,20,81,10,14,random,1250
57,181,60,24,3,16,12,random,1250
107,96,59,2,17,12,7,random,1250
168,237,76,19,18,20,20,random,1250
150,244,23,15,19,7,12,random,1250
5,108,36,42,66,8,11,random,1250
96,5,73,21,72,4,2,random,1250
39,87,60,17,69,1,13,random,1250
154,73,67,42,77,5,0,random,1250
202,146,75,25,69,14,0,random,1250
174,148,96,22,67,2,4,random,1250
240,37,41,45,63,2,10,random,1250
0,10,30,49,9,7,15,random,1250
143,0,76,9,26,16,10,random,1250
88,224,6,37,2,3,12,random,1250
154,160,92,16,32,5,20,random,1250
220,15,44,5,85,18,15,random,1250
151,13,3,47,66,19,19,random,1250
1,93,79,3,92,5,12,random,1250
111,168,34,1,42,8,14,random,1250
237,20,29,11,32,20,5,random,1250
65,176,60,17,86,19,14,random,1250
25,166,44,9,67,13,8,random,1250
176,22,99,50,100,11,15,random,1250
223,148,74,34,23,10,13,random,1250
127,5,39,4,75,10,10,random,1250
108,117,46,34,28,6,10,random,1250
150,237,18,39,16,7,2,random,1250
80,211,87,11,15,9,17,random,1250
243,145,32,19,12,7,11,random,1250
97,98,1,49,90,1,13,random,1250
233,169,85,25,8,10,5,random,1250
11,167,82,27,80,15,1,random,1250
119,74,40,7,61,20,9,random,1250
222,73,10,1,16,15,6,random,1250
21,36,78,40,87,17,0,random,1250
15,202,46,45,60,9,15,random,1250
246,51,64,41,12,11,19,random,1250
39,100,17,35,41,14,4,random,1250
205,109,18,16,13,10,3,random,1250
245,190,72,44,3,5,6,random,1250
131,115,21,47,61,2,16,random,1250
22,146,22,15,74,8,12,random,1250
87,61,1,41,39,3,19,random,1250
174,25,81,16,23,6,10,random,1250
183,44,6,23,51,14,17,random,1250
120,137,14,8,20,4,18,random,1250
126,205,86,26,9,10,5,random,1250
138,220,23,36,2,16,14,random,1250
169,49,64,11,73,16,4,random,1250
215,116,1,17,48,11,11,random,1250
70,87,17,1,91,17,17,random,1250
143,117,29,8,92,18,14,random,1250
167,22,93,37,55,7,8,random,1250
80,243,58,50,43,4,4,random,1250
37,111,70,35,9,3,4,random,1250
41,239,31,38,97,18,13,random,1250
178,208,71,25,24,6,13,random,1250
174,124,4,10,57,12,10,random,1250
30,159,96,6,35,13,5,random,1250
77,18,34,10,21,17,0,random,1250
193,124,57,39,53,19,0,random,1250
108,32,13,15,11,12,0,random,1250
136,30,63,34,51,5,13,random,1250
164,241,88,18,53,7,9,random,1250
21,50,66,50,66,16,3,random,1250
131,98,44,7,94,19,7,random,1250
165,206,41,21,35,4,18,random,1250
1,5,71,48,33,5,6,random,1250
192,199,54,13,4,5,19,random,1250
136,200,30,31,80,5,7,random,1250
86,117,47,26,11,16,8,random,1250
125,61,14,45,60,4,12,random,1250
123,118,94,26,67,14,6,random,1250
57,245,85,33,15,5,19,random,1250
181,69,10,30,18,9,0,random,1250
199,24,62,49,12,2,5,random,1250
52,154,88,28,36,8,16,random,1250
51,225,71,17,32,2,5,random,1250
51,116,6,17,32,3,3,random,1250
183,195,87,2,9,18,11,random,1250
231,93,82,2,22,15,14,random,1250
11,229,93,29,16,2,0,random,1250
80,232,86,16,75,1,15,random,1250
212,129,93,35,91,9,14,random,1250
122,234,20,28,66,6,15,random,1250
61,12,36,32,85,3,15,random,1250
89,174,39,8,45,8,19,random,1250
95,87,52,30,9,6,14,random,1250
130,110,62,42,51,12,10,random,1250
107,170,69,31,23,7,11,random,1250
233,105,49,16,69,19,11,random,1250
246,215,25,0,17,11,20,random,1250
202,137,79,4,1,12,10,random,1250
198,235,47,36,72,9,13,random,1250
124,101,74,6,98,10,0,random,1250
220,78,25,12,85,13,9,random,1250
160,82,76,25,53,19,7,random,1250
91,99,3,13,36,11,2,random,1250
30,168,27,50,27,2,4,random,1250
246,123,54,47,8,10,10,random,1250
149,215,54,33,74,6,12,random,1250
214,59,23,9,22,3,18,random,1250
119,42,33,12,0,8,20,random,1250
4,4,98,46,20,12,0,random,1250
210,214,85,9,90,13,20,random,1250
140,32,79,45,57,17,9,random,1250
49,138,49,39,56,18,9,random,1250
139,133,49,26,17,5,3,random,1250
21,188,18,7,21,4,16,random,1250
76,18,84,1,99,20,0,random,1250
5,90,47,41,39,15,19,random,1250
239,13,80,10,82,5,20,random,1250
175,44,72,4,58,14,12,random,1250
37,38,13,39,72,1,16,random,1250
243,239,30,2,96,12,7,random,1250
219,48,48,31,74,18,19,random,1250
68,67,89,35,19,5,8,random,1250
232,64,34,33,71,7,1,random,1250
248,28,15,12,70,17,20,random,1250
23,76,100,39,23,14,9,random,1250
211,223,23,1,25,15,5,random,1250
230,237,13,25,85,17,13,random,1250
70,153,5,27,95,12,7,random,1250
202,117,6,2,31,14,8,random,1250
177,147,41,16,31,2,17,random,1250
57,197,87,1,26,10,18,random,1250
108,248,9,38,89,8,2,random,1250
107,13,100,7,92,11,18,random,1250
52,179,13,34,58,3,7,random,1250
160,169,81,18,10,12,15,random,1250
17,61,11,1,65,4,16,random,1250
184,41,6,48,30,12,13,random,1250
91,26,25,46,54,6,16,random,1250
32,159,85,41,62,1,7,random,1250
54,116,76,35,93,18,15,random,1250
182,4,76,5,50,7,17,random,1250
146,101,27,22,77,9,6,random,1250
58,193,41,31,58,13,8,random,1250
9,206,90,16,78,4,16,random,1250
95,99,41,33,76,19,0,random,1250
96,183,95,35,4,12,6,random,1250
63,192,59,16,47,10,17,random,1250
82,203,33,11,2,20,20,random,1250
53,62,36,29,100,13,12,random,1250
129,158,65,4,97,6,20,random,1250
100,64,83,8,51,2,5,random,1250
176,171,7,44,63,9,10,random,1250
52,123,0,19,27,17,13,random,1250
126,185,40,24,77,19,16,random,1250
183,135,97,1,77,5,14,random,1250
2,80,91,7,69,4,19,random,1250
74,121,60,11,41,8,15,random,1250
161,186,70,45,76,3,11,random,1250
83,35,64,43,45,5,14,random,1250
2,172,89,35,54,17,20,random,1250
208,18,68,29,45,15,6,random,1250
179,226,11,46,14,3,2,random,1250
177,117,32,40,80,12,11,random,1250
114,174,71,14,38,3,17,random,1250
9,176,84,28,4,10,0,random,1250
138,239,15,1,59,3,5,random,1250
5,98,31,30,55,5,20,random,1250
181,117,79,38,60,17,13,random,1250
118,65,83,30,38,17,0,random,1250
52,233,50,38,79,13,10,random,1250
244,78,35,14,71,15,15,random,1250
134,86,41,45,48,20,10,random,1250
117,195,31,35,11,2,9,random,1250
2,77,79,19,45,1,2,random,1250
152,71,87,25,29,6,13,random,1250
140,178,14,32,89,19,2,random,1250
62,61,23,4,13,1,17,random,1250
212,212,29,24,24,17,0,random,1250
238,1,77,48,19,12,10,random,1250
111,104,5,30,27,20,17,random,1250
149,125,1,8,33,16,2,random,1250
150,42,46,43,53,20,3,random,1250
236,46,86,26,25,6,2,random,1250
4,150,83,43,100,17,4,random,1250
10,10,91,5,94,17,16,random,1250
161,53,18,40,61,20,3,random,1250
185,91,95,41,93,6,11,random,1250
102,218,47,22,8,10,10,random,1250
106,7,70,10,54,1,13,random,1250
103,35,15,15,44,6,2,random,1250
227,29,87,42,70,16,16,random,1250
13,37,23,46,99,10,7,random,1250
161,35,90,47,0,12,7,random,1250
108,115,58,22,46,4,13,random,1250
180,188,20,3,9,17,0,random,1250
16,21,63,21,72,7,4,random,1250
161,2,38,28,23,6,7,random,1250
223,179,35,9,92,4,16,random,1250
19,32,36,40,6,18,6,random,1250
148,82,49,47,78,13,10,random,1250
175,9,94,27,53,2,3,random,1250
130,0,32,1,56,16,2,random,1250
102,0,61,49,39,10,19,random,1250
64,122,65,39,20,20,18,random,1250
10,5,86,35,31,8,19,random,1250
242,19,82,14,63,1,4,random,1250
233,79,18,7,15,5,5,random,1250
134,125,91,1,58,12,10,random,1250
103,193,22,32,76,19,2,random,1250
215,16,68,17,31,10,15,random,1250
197,79,9,41,24,10,14,random,1250
245,233,2,27,3,12,4,random,1250
222,54,40,6,17,5,9,random,1250
12,155,79,33,55,6,5,random,1250
16,61,5,20,31,12,1,random,1250
128,199,68,29,46,8,0,random,1250
87,135,84,50,94,4,6,random,1250
183,148,40,10,98,12,15,random,1250
205,7,19,5,11,2,0,random,1250
78,191,87,43,94,8,0,random,1250
144,60,98,33,69,13,3,random,1250
118,57,22,39,96,14,4,random,1250
113,77,75,27,19,19,2,random,1250
9,147,51,25,89,5,3,random,1250
111,152,22,2,4,5,17,random,1250
79,206,90,28,86,10,4,random,1250
60,182,49,15,8,19,18,random,1250
20,95,69,20,96,10,20,random,1250
130,61,52,35,36,16,5,random,1250
245,201,1,16,1,11,17,random,1250
165,44,50,4,43,4,16,random,1250
60,48,87,32,85,16,19,random,1250
166,170,38,26,6,12,17,random,1250
38,54,94,4,1,15,2,random,1250
131,239,36,48,13,2,9,random,1250
121,232,85,45,83,19,7,random,1250
189,35,31,9,91,13,3,random,1250
4,238,8,20,0,3,7,random,1250
58,88,99,26,49,10,11,random,1250
190,6,48,11,53,19,17,random,1250
32,144,75,28,59,11,2,random,1250
4,59,83,38,10,15,1,random,1250
106,229,43,3,74,5,17,random,1250
221,170,99,14,51,11,5,random,1250
82,237,95,0,82,2,19,random,1250
74,10,95,24,22,16,12,random,1250
204,78,49,13,58,1,9,random,1250
175,95,30,24,86,9,8,random,1250
178,37,65,40,71,7,2,random,1250
68,203,40,5,93,13,7,random,1250
15,92,28,50,73,1,12,random,1250
147,56,31,0,91,2,16,random,1250
47,232,90,12,36,4,14,random,1250
245,177,63,18,1,11,3,random,1250
80,180,6,24,1,17,7,random,1250
170,48,41,49,70,5,0,random,1250
194,205,88,16,72,5,10,random,1250
41,211,19,38,7,4,2,random,1250
179,13,44,20,6,4,16,random,1250
236,104,47,41,23,11,4,random,1250
184,51,50,22,8,8,12,random,1250
155,192,57,47,74,14,18,random,1250
243,125,63,30,16,10,8,random,1250
191,63,51,30,58,11,4,random,1250
236,4,87,16,54,5,14,random,1250
80,226,41,40,82,6,2,random,1250
180,141,41,38,24,6,5,random,1250
249,28,30,21,52,11,5,random,1250
86,208,61,12,88,3,15,random,1250
229,97,73,35,57,17,5,random,1250
128,82,39,49,93,5,7,random,1250
236,190,73,0,84,19,19,random,1250
200,246,19,20,58,17,0,random,1250
231,19,23,50,72,20,17,random,1250
145,168,23,1,25,9,16,random,1250
157,75,26,23,8,20,4,random,1250
210,212,19,33,69,6,17,random,1250
217,42,98,49,70,14,7,random,1250
29,194,80,12,26,18,14,random,1250
14,22,75,12,80,1,8,random,1250
225,22,53,48,86,19,2,random,1250
232,15,9,11,42,11,6,random,1250
167,107,56,39,51,5,5,random,1250
190,40,83,14,47,9,0,random,1250
166,242,31,32,88,1,13,random,1250
7,213,75,19,19,4,10,random,1250
127,26,79,36,93,13,20,random,1250
179,140,24,42,48,20,5,random,1250
35,150,66,31,5,2,1,random,1250
198,82,40,44,74,10,8,random,1250
69,67,28,12,66,12,5,random,1250
35,91,96,20,33,1,15,random,1250
218,193,64,9,41,19,20,random,1250
48,29,62,6,23,10,13,random,1250
42,66,23,23,98,17,20,random,1250
89,55,85,42,69,14,19,random,1250
110,50,10,23,67,4,15,random,1250
42,124,78,9,42,17,11,random,1250
151,235,53,47,13,8,7,random,1250
71,200,81,47,40,17,6,random,1250
176,137,60,0,31,5,18,random,1250
160,111,8,19,70,13,16,random,1250
112,117,32,19,70,12,8,random,1250
46,93,47,38,72,9,3,random,1250
16,245,84,21,6,19,6,random,1250
212,124,88,35,61,8,18,random,1250
167,181,22,7,70,5,17,random,1250
46,8,34,49,79,10,14,random,1250
78,3,92,50,26,1,10,random,1250
174,47,79,44,6,9,10,random,1250
80,37,6,34,2,14,15,random,1250
130,24,43,34,69,18,10,random,1250
245,147,77,33,43,12,9,random,1250
18,145,91,2,98,6,11,random,1250
122,209,28,29,47,9,14,random,1250
182,126,44,37,61,4,0,random,1250
208,168,40,8,27,2,14,random,1250
178,48,66,32,27,9,0,random,1250
143,229,79,49,79,13,8,random,1250
236,228,48,42,96,19,9,random,1250
43,24,78,7,51,18,5,random,1250
192,168,40,32,28,19,10,random,1250
120,193,39,49,26,6,12,random,1250
221,45,62,48,75,18,2,random,1250
222,81,1,26,29,1,7,random,1250
206,173,27,28,51,4,16,random,1250
69,104,19,44,33,17,13,random,1250
78,37,28,19,77,3,17,random,1250
193,184,53,2,3,12,10,random,1250
50,188,94,17,59,11,2,random,1250
242,64,76,28,13,7,9,random,1250
129,149,99,25,44,1,8,random,1250
228,185,30,21,12,9,3,random,1250
104,21,34,5,31,5,19,random,1250
121,128,2,19,6,13,1,random,1250
193,202,47,43,94,16,8,random,1250
3,33,23,37,86,3,4,random,1250
29,211,13,39,81,17,17,random,1250
168,21,33,32,8,5,1,random,1250
229,21,78,5,12,5,10,random,1250
166,46,40,35,26,10,0,random,1250
69,221,51,38,32,2,4,random,1250
67,198,26,0,57,4,20,random,1250
111,62,49,41,41,19,5,random,1250
71,37,60,43,96,18,7,random,1250
187,19,40,39,48,6,4,random,1250
73,154,4,4,51,6,0,random,1250
240,59,64,4,8,18,19,random,1250
126,195,93,19,84,1,16,random,1250
20,132,90,29,93,13,4,random,1250
59,68,71,29,37,4,1,random,1250
36,63,38,38,22,2,15,random,1250
44,106,3,2,33,16,10,random,1250
208,243,98,6,40,16,20,random,1250
201,32,3,42,91,17,9,random,1250
55,69,66,49,55,16,14,random,1250
250,214,40,6,96,3,7,random,1250
202,197,14,4,77,13,4,random,1250
45,27,62,9,22,10,5,random,1250
186,15,85,13,70,15,8,random,1250
247,156,96,0,9,11,8,random,1250
101,127,23,32,86,12,2,random,1250
137,118,98,48,61,16,14,random,1250
205,96,29,30,24,17,20,random,1250
174,85,28,17,66,6,7,random,1250
49,158,84,48,49,4,19,random,1250
156,110,51,26,36,7,17,random,1250
186,24,88,44,97,17,5,random,1250
40,148,8,38,49,2,17,random,1250
229,109,27,34,4,4,1,random,1250
149,218,62,7,12,4,7,random,1250
123,7,100,25,19,7,3,random,1250
178,246,76,27,86,19,15,random,1250
22,132,24,19,99,10,17,random,1250
60,175,69,41,37,17,0,random,1250
220,11,43,3,6,10,9,random,1250
22,113,30,44,9,20,19,random,1250
201,228,89,43,85,4,9,random,1250
57,45,35,33,51,19,1,random,1250
26,57,16,23,70,20,9,random,1250
157,136,6,15,53,7,13,random,1250
144,31,65,39,77,5,4,random,1250
48,52,2,28,90,15,4,random,1250
177,103,56,7,36,1,4,random,1250
136,153,63,18,5,4,6,random,1250
168,65,64,41,44,15,17,random,1250
153,60,46,36,41,11,6,random,1250
189,143,5,8,89,8,19,random,1250
191,6,8,40,53,11,16,random,1250
10,226,70,32,44,17,9,random,1250
126,165,36,8,36,14,0,random,1250
200,27,99,37,68,4,11,random,1250
114,141,57,4,4,4,4,random,1250
80,192,71,24,0,13,6,random,1250
130,225,56,24,61,12,20,random,1250
24,210,82,26,78,9,12,random,1250
35,244,32,32,50,1,12,random,1250
48,186,93,23,0,9,12,random,1250
101,97,63,50,66,1,2,random,1250
165,24,89,27,90,19,6,random,1250
22,191,12,28,100,2,0,random,1250
163,185,85,6,65,8,8,random,1250
177,212,15,10,1,18,5,random,1250
54,237,93,47,4,2,13,random,1250
17,119,70,49,33,19,17,random,1250
103,131,89,1,59,3,20,random,1250
139,212,21,47,76,12,18,random,1250
88,8,1,41,6,4,1,random,1250
137,182,67,48,54,3,15,random,1250
246,177,30,22,61,10,7,random,1250
153,58,29,38,66,15,2,random,1250
133,59,37,9,92,12,17,random,1250
165,159,71,5,7,7,13,random,1250
35,218,31,8,40,10,8,random,1250
112,232,23,18,35,20,2,random,1250
58,73,45,41,15,12,19,random,1250
14,170,21,34,38,2,2,random,1250
227,97,41,30,11,17,1,random,1250
117,213,70,6,57,5,8,random,1250
159,95,81,46,81,5,7,random,1250
137,208,19,13,42,3,4,random,1250
84,165,13,35,71,10,16,random,1250
202,41,46,28,13,6,13,random,1250
66,241,45,30,74,8,17,random,1250
78,52,96,18,12,4,9,random,1250
170,229,82,34,24,10,9,random,1250
36,182,98,50,9,20,1,random,1250
178,103,21,22,9,17,12,random,1250
4,204,91,15,61,16,5,random,1250
0,10,37,45,77,3,19,random,1250
89,96,58,32,59,13,3,random,1250
58,65,32,30,42,17,2,random,1250
139,163,57,1,89,8,12,random,1250
80,174,30,48,14,3,20,random,1250
87,194,17,25,68,16,11,random,1250
64,18,12,40,13,11,11,random,1250
114,163,90,4,72,5,2,random,1250
250,181,83,30,11,8,15,random,1250
190,182,100,2,1,11,7,random,1250
148,33,80,17,89,18,18,random,1250
32,83,7,6,7,6,4,random,1250
201,46,91,21,13,16,13,random,1250
194,199,62,49,60,15,7,random,1250
222,126,13,40,31,13,11,random,1250
108,34,2,29,7,1,1,random,1250
31,153,65,27,79,3,20,random,1250
89,38,100,28,48,13,20,random,1250
118,93,32,45,24,14,3,random,1250
164,111,18,24,38,3,18,random,1250
114,35,62,29,43,14,8,random,1250
133,192,33,8,4,12,7,random,1250
189,204,25,44,75,6,6,random,1250
93,216,38,43,50,5,8,random,1250
101,28,70,16,49,9,10,random,1250
189,237,48,48,33,20,5,random,1250
213,173,86,12,63,4,2,random,1250
40,100,44,17,38,4,8,random,1250
5,96,81,50,39,19,17,random,1250
226,58,86,9,78,10,10,random,1250
206,175,86,5,48,11,0,random,1250
144,6,66,9,65,6,9,random,1250
68,87,24,26,80,14,17,random,1250
127,103,24,39,62,20,14,random,1250
4,230,28,38,76,16,19,random,1250
245,27,53,25,28,5,6,random,1250
116,172,13,20,75,14,0,random,1250
151,238,47,42,82,8,0,random,1250
232,149,34,15,68,18,10,random,1250
152,169,79,40,14,9,18,random,1250
236,190,39,50,47,20,19,random,1250
80,215,21,42,27,12,8,random,1250
132,17,2,14,23,8,15,random,1250
97,172,45,41,96,8,4,random,1250
197,16,79,25,56,15,0,random,1250
2,242,42,47,84,9,12,random,1250
105,100,49,23,91,10,10,random,1250
160,100,31,35,62,8,7,random,1250
2,61,9,38,14,10,0,random,1250
184,10,58,31,10,5,19,random,1250
158,39,32,2,92,13,14,random,1250
48,96,34,21,27,2,19,random,1250
218,167,70,46,40,16,4,random,1250
154,37,11,2,54,16,11,random,1250
16,150,23,45,90,9,6,random,1250
30,171,100,49,23,20,15,random,1250
230,167,44,8,69,17,2,random,1250
34,216,66,43,78,7,4,random,1250
123,112,100,48,42,5,1,random,1250
162,133,69,44,11,13,13,random,1250
199,205,28,25,27,5,7,random,1250
227,154,84,40,6,10,19,random,1250
115,99,86,17,17,17,14,random,1250
113,151,22,30,5,5,5,random,1250
29,131,20,1,89,2,5,random,1250
187,96,94,48,60,6,0,random,1250
85,137,62,38,48,7,9,random,1250
190,235,78,8,63,1,9,random,1250
61,88,80,12,8,2,8,random,1250
148,22,89,2,34,8,7,random,1250
57,183,57,21,92,1,19,random,1250
191,46,89,30,45,11,18,random,1250
109,177,94,31,85,2,7,random,1250
222,138,18,4,50,19,4,random,1250
169,80,68,4,12,18,4,random,1250
138,3,49,0,49,4,13,random,1250
154,16,61,29,0,6,17,random,1250
189,217,69,40,51,12,14,random,1250
15,132,27,12,87,3,13,random,1250
24,46,98,13,3,20,15,random,1250
239,14,42,17,60,15,8,random,1250
177,60,66,35,70,3,7,random,1250
94,56,8,33,0,17,1,random,1250
101,15,95,18,93,8,17,random,1250
4,210,91,31,95,17,10,random,1250
211,13,84,4,73,10,11,random,1250
109,199,70,42,82,9,20,random,1250
