,initial_number_sheep,initial_number_wolves,sheep_gain_from_food,wolf_gain_from_food,sheep_reproduce,wolf_reproduce,grass_regrowth,runs,CV_sheep,CV_wolves,CV_grass
0,62,62,12,25,5,5,25,3,1.8588212196625469,3.8351679010753643,2.660063042683248
1,62,62,12,25,5,5,25,5,2.831685033883195,5.084768038117077,4.564854415422874
2,62,62,12,25,5,5,25,7,3.0419078374913147,3.8226344477309655,4.716281616266364
3,62,62,12,25,5,5,25,10,2.8992669194532485,3.7158428055291224,4.540528202335631
4,62,62,12,25,5,5,25,15,2.9379815709662744,3.8615401134299074,4.446065453913731
5,62,62,12,25,5,5,25,20,2.759564281337321,4.068653589763668,4.478028904702889
6,62,62,12,25,5,5,72,3,4.88722702660643,24.645751924714332,5.309174338286489
7,62,62,12,25,5,5,72,5,3.309672460443976,8.406614866291033,3.3894046970832337
8,62,62,12,25,5,5,72,7,3.132409442498751,5.516355968929072,3.843511137123254
9,62,62,12,25,5,5,72,10,3.3070485285954785,5.93705121967728,4.096018439539065
10,62,62,12,25,5,5,72,15,3.47493092546897,6.395563953969125,4.153412121297428
11,62,62,12,25,5,5,72,20,3.4735501347388134,6.295058213522109,4.296772156334911
12,62,62,12,25,5,15,25,3,1.7714569431664255,2.595907418905276,6.829044612296151
13,62,62,12,25,5,15,25,5,1.3304109590118613,2.3769294732900907,3.7844740458547177
14,62,62,12,25,5,15,25,7,1.3345767721972046,2.2541583931861466,4.503016637348654
15,62,62,12,25,5,15,25,10,1.455610319865164,2.1435416495852015,4.746028933960653
16,62,62,12,25,5,15,25,15,1.4350949698254496,2.1380129639040164,4.818283205368282
17,62,62,12,25,5,15,25,20,0.5989967627509944,2.3225740648203095,4.16828560656502
18,62,62,12,25,5,15,72,3,2.207792207792208,22.401190444557482,2.7548941258474002
19,62,62,12,25,5,15,72,5,1.8668844064862293,4.410121929847107,3.2797088236829754
20,62,62,12,25,5,15,72,7,1.6122204643707534,4.886217691388588,3.076537873488143
21,62,62,12,25,5,15,72,10,1.5152536871212003,4.631904566335725,3.6327423853079956
22,62,62,12,25,5,15,72,15,1.5435086806899931,3.2548001490913467,3.4117245516912242
23,62,62,12,25,5,15,72,20,1.623458482079555,3.6022295544334293,3.4579816885853387
24,62,62,12,25,15,5,25,3,0.5773502691896256,5.50942702939322,23.94380588604229
25,62,62,12,25,15,5,25,5,0.6614378277661477,6.019509339660528,31.535574125910102
26,62,62,12,25,15,5,25,7,0.5400617248673217,7.375454678751727,37.916405596360356
27,62,62,12,25,15,5,25,10,0.5662441267396895,6.815587050135325,23.825066614630906
28,62,62,12,25,15,5,25,15,0.628144264792177,6.876879762920767,22.854413141162542
29,62,62,12,25,15,5,25,20,0.6434926932791868,6.823331289976956,21.905480797010565
30,62,62,12,25,15,5,72,3,3.294653474345442,5.064168085442569,12.44112350388652
31,62,62,12,25,15,5,72,5,2.497789598937141,8.325206978961178,17.140154518905067
32,62,62,12,25,15,5,72,7,2.5127055356317127,7.645098010156944,17.373826288628656
33,62,62,12,25,15,5,72,10,2.1380672538229164,6.509832800027407,14.843550672324778
34,62,62,12,25,15,5,72,15,1.9962655701020833,5.816113558753924,12.893696756649351
35,62,62,12,25,15,5,72,20,2.078492643816154,5.463338731464764,13.694741056314069
36,62,62,12,25,15,15,25,3,0.0,0.0,0.0
37,62,62,12,25,15,15,25,5,0.503771357631602,0.5560461124330818,4.383233969983915
38,62,62,12,25,15,15,25,7,0.5421107161362825,0.48757482888822895,5.036270439252272
39,62,62,12,25,15,15,25,10,0.4580762026016238,0.4483720631323657,4.368560686371336
40,62,62,12,25,15,15,25,15,0.38933073392536033,0.39565255746473676,4.614633958877589
41,62,62,12,25,15,15,25,20,0.5038603128342787,0.4656753465202968,3.558913090332932
42,62,62,12,25,15,15,72,3,0.7508013133359843,0.0,2.2322423400256914
43,62,62,12,25,15,15,72,5,0.7799666264741586,0.35355339059327373,2.517722568089211
44,62,62,12,25,15,15,72,7,0.8138448483596177,0.4427495135886043,3.0950685162029856
45,62,62,12,25,15,15,72,10,0.9287626155893003,0.44589508452286175,3.350649430860015
46,62,62,12,25,15,15,72,15,0.9772571912100588,0.529397381395006,3.51419591955822
47,62,62,12,25,15,15,72,20,0.9981356951939212,0.4208215961698922,3.7990274113457807
48,62,62,12,72,5,5,25,3,15.01110699893027,5.607850124144011,15.827348228654278
49,62,62,12,72,5,5,25,5,2.0197786232132353,4.955613877088202,18.48769675910993
50,62,62,12,72,5,5,25,7,2.036057715286816,3.0958712445383845,19.040412674802756
51,62,62,12,72,5,5,25,10,1.8427604993211666,3.5492432823260436,18.621321431935794
52,62,62,12,72,5,5,25,15,1.6225282336188893,3.4917094420176213,17.46110498829824
53,62,62,12,72,5,5,25,20,1.4475196382087603,3.744134358857382,15.781309581627362
54,62,62,12,72,5,5,72,3,1.8034001919297482,6.212173895883533,6.448856327987757
55,62,62,12,72,5,5,72,5,1.434772499856061,3.579948917986489,8.874805625493563
56,62,62,12,72,5,5,72,7,1.5771244651280563,3.7256296608014146,9.400122655382065
57,62,62,12,72,5,5,72,10,1.7778648878333216,4.064545315979832,10.638992167477905
58,62,62,12,72,5,5,72,15,1.7174173479718495,4.400520109477371,9.37167004982847
59,62,62,12,72,5,5,72,20,1.5847809146901144,4.378185540217337,9.88230439172319
60,62,62,12,72,5,15,25,3,1.9381257131427887,2.2315335921989474,8.273908354066059
61,62,62,12,72,5,15,25,5,1.3082975349918013,1.2593923076823712,6.983338847495125
62,62,62,12,72,5,15,25,7,1.466173051322823,0.6908756389848675,8.444255498129149
63,62,62,12,72,5,15,25,10,1.6486894727694454,0.7393129415411617,9.53626555315759
64,62,62,12,72,5,15,25,15,1.4945904602765123,0.7600032288895506,8.401572141102294
65,62,62,12,72,5,15,25,20,1.4683134820457977,0.720701838995602,8.666776319347607
66,62,62,12,72,5,15,72,3,1.4099363890705119,0.6848329953982648,5.285127160108258
67,62,62,12,72,5,15,72,5,1.5473813723357348,0.8774964387392122,5.70561411704419
68,62,62,12,72,5,15,72,7,1.696711513867738,0.9321621658019235,6.048513545233323
69,62,62,12,72,5,15,72,10,1.5992202362524932,0.8069368822061006,6.549104909903054
70,62,62,12,72,5,15,72,15,1.6327951665038822,0.8965570345572746,6.688706052797415
71,62,62,12,72,5,15,72,20,1.5639712195849615,0.8785212904651718,7.167243255675602
72,62,62,12,72,15,5,25,3,0.0,23.114947362188136,849.3040287984824
73,62,62,12,72,15,5,25,5,0.0,16.6351327159624,176.38177195920528
74,62,62,12,72,15,5,25,7,0.0,16.431194431357266,224.65925434386475
75,62,62,12,72,15,5,25,10,0.0,17.567718988652196,249.07687577580612
76,62,62,12,72,15,5,25,15,0.0,15.816138181889427,265.3624390911846
77,62,62,12,72,15,5,25,20,0.0,16.643686002899024,280.0289019633252
78,62,62,12,72,15,5,72,3,0.0,22.47930604283647,288.67513459481285
79,62,62,12,72,15,5,72,5,0.0,21.719425937590078,51.528517351365956
80,62,62,12,72,15,5,72,7,0.0,18.103557616863082,41.63329031266529
81,62,62,12,72,15,5,72,10,0.0,13.613316203869585,42.856386822608876
82,62,62,12,72,15,5,72,15,0.0,11.71498671788614,34.86331007509475
83,62,62,12,72,15,5,72,20,0.0,12.047570900189625,33.84582696104706
84,62,62,12,72,15,15,25,3,0.0,1.1547005383792512,0.0
85,62,62,12,72,15,15,25,5,0.0,0.5400617248673217,0.0
86,62,62,12,72,15,15,25,7,0.0,0.8143450710459553,0.0
87,62,62,12,72,15,15,25,10,0.0,0.43580123938246806,0.0
88,62,62,12,72,15,15,25,15,0.0,0.4765643779604378,0.0
89,62,62,12,72,15,15,25,20,0.0,0.5384803926532191,0.0
90,62,62,12,72,15,15,72,3,0.0,0.0,10.143529990520543
91,62,62,12,72,15,15,72,5,0.0,0.5040161287741853,15.599169273941444
92,62,62,12,72,15,15,72,7,0.0,0.729234492969466,19.358061751976454
93,62,62,12,72,15,15,72,10,0.0,0.6221710168382552,16.646229682827112
94,62,62,12,72,15,15,72,15,0.0,0.6065678266293777,17.159898001200876
95,62,62,12,72,15,15,72,20,0.0,0.611560300788381,18.745711435824152
96,62,62,38,25,5,5,25,3,3.9112407192063663,6.754260096789359,11.363387799352841
97,62,62,38,25,5,5,25,5,2.0819628224383715,5.311516557452566,3.2678289936998293
98,62,62,38,25,5,5,25,7,2.009018511768687,5.36222824300006,3.535943733752291
99,62,62,38,25,5,5,25,10,2.078688410049927,5.412802102029054,3.745990379286979
100,62,62,38,25,5,5,25,15,2.343093842032315,5.19663297625032,4.33523125408098
101,62,62,38,25,5,5,25,20,2.206586581825202,4.8265944197759305,3.972871441873424
102,62,62,38,25,5,5,72,3,1.9485466537607428,3.8503250622872165,2.7458771855362722
103,62,62,38,25,5,5,72,5,2.6377040631753847,4.230491647300725,3.0175941152350747
104,62,62,38,25,5,5,72,7,2.8116149940256268,4.697213167467359,3.652170435738045
105,62,62,38,25,5,5,72,10,2.498360782717771,4.687250690658625,2.907172858015217
106,62,62,38,25,5,5,72,15,2.3603357685699247,4.964711702238828,3.0422155291741504
107,62,62,38,25,5,5,72,20,2.3425764584249036,4.508277369987021,3.165907153080328
108,62,62,38,25,5,15,25,3,0.7764164424574443,1.813182525157895,2.30908372312568
109,62,62,38,25,5,15,25,5,0.747354418010312,2.3130260514077894,2.558033172292131
110,62,62,38,25,5,15,25,7,0.7466852950524733,1.7432040230495245,3.047833066665013
111,62,62,38,25,5,15,25,10,0.7058345878167754,1.8322870833044995,3.3464851248746976
112,62,62,38,25,5,15,25,15,0.7565467137648704,1.952825792378933,3.556061546412864
113,62,62,38,25,5,15,25,20,0.7778234466209191,2.224312043530376,3.867252589474726
114,62,62,38,25,5,15,72,3,1.2772288349968148,2.9989205277551143,2.1422590222892324
115,62,62,38,25,5,15,72,5,1.018174270819342,2.8836400905921225,2.3555457714936243
116,62,62,38,25,5,15,72,7,1.3303954092429937,2.6134792124148225,2.3874323412181715
117,62,62,38,25,5,15,72,10,1.419453270591934,2.9648262960495044,2.5430663443591994
118,62,62,38,25,5,15,72,15,1.440568146674746,2.7072429839941066,2.9389978556461767
119,62,62,38,25,5,15,72,20,1.4116730145091492,2.672695831249365,3.036971911727021
120,62,62,38,25,15,5,25,3,0.0,72.40837138819255,25.06883678434096
121,62,62,38,25,15,5,25,5,0.0,38.15930867413894,29.616433502538122
122,62,62,38,25,15,5,25,7,0.0,35.93358937992755,26.601304241173942
123,62,62,38,25,15,5,25,10,0.0,38.448305818147745,26.082725698933285
124,62,62,38,25,15,5,25,15,0.0,34.28135438566362,23.297352177278785
125,62,62,38,25,15,5,25,20,0.12909944487358055,25.47111075435486,17.919387939284622
126,62,62,38,25,15,5,72,3,0.0,35.72751033943454,51.77581144386277
127,62,62,38,25,15,5,72,5,0.0,10.013551351539451,26.194105464237985
128,62,62,38,25,15,5,72,7,0.47387910220727386,13.006594111627201,26.549526269841444
129,62,62,38,25,15,5,72,10,0.41778637429367477,13.127240763511999,26.414572254744435
130,62,62,38,25,15,5,72,15,0.35074031640462494,12.084116217621778,28.254926955863755
131,62,62,38,25,15,5,72,20,0.33301990276723364,11.177267416285957,29.577455987607536
132,62,62,38,25,15,15,25,3,0.0,0.5773502691896258,0.0
133,62,62,38,25,15,15,25,5,0.0,0.35355339059327373,0.0
134,62,62,38,25,15,15,25,7,0.0,0.3933822164524865,0.0
135,62,62,38,25,15,15,25,10,0.0,0.5376528917157056,0.0
136,62,62,38,25,15,15,25,15,0.0,0.5271343257105141,0.0
137,62,62,38,25,15,15,25,20,0.1669778816860935,0.34881955818887805,11.715399511424977
138,62,62,38,25,15,15,72,3,0.5773502691896257,0.5773502691896256,23.819806386690857
139,62,62,38,25,15,15,72,5,0.3535533905932738,0.35355339059327373,8.992192399478057
140,62,62,38,25,15,15,72,7,0.25819888974716104,0.35675303400633784,7.4572365285129925
141,62,62,38,25,15,15,72,10,0.23887444969422786,0.33175848786054574,7.672984736386631
142,62,62,38,25,15,15,72,15,0.18823026740905208,0.31905821389130246,6.4143710250182355
143,62,62,38,25,15,15,72,20,0.2210760606491033,0.2904894514855947,6.492939891088431
144,62,62,38,72,5,5,25,3,1.7008401285415224,3.669742900132332,18.24066163670157
145,62,62,38,72,5,5,25,5,1.6549073724992425,3.1789573806856453,19.806120119347362
146,62,62,38,72,5,5,25,7,1.3188255903516624,3.2389853304453555,17.73273369565758
147,62,62,38,72,5,5,25,10,1.418026318378943,3.4043617887565003,16.910071581855984
148,62,62,38,72,5,5,25,15,1.4863550324695889,3.211364490087144,16.525780904171636
149,62,62,38,72,5,5,25,20,1.1907095361490323,3.509371216907566,16.15548346234513
150,62,62,38,72,5,5,72,3,1.655665446331305,3.3877754005952285,11.305021042190722
151,62,62,38,72,5,5,72,5,2.091650066335189,4.265333679893359,9.983830693067748
152,62,62,38,72,5,5,72,7,1.969076365197326,4.116779033504117,10.400427257680182
153,62,62,38,72,5,5,72,10,1.764625456664804,3.7520715806359584,11.666478784592895
154,62,62,38,72,5,5,72,15,1.2919309095746307,4.098182038191098,11.865790456995953
155,62,62,38,72,5,5,72,20,1.238547536431283,4.281787732775907,10.70686435780437
156,62,62,38,72,5,15,25,3,1.4054267192334904,0.8063181322585283,3.763626020402304
157,62,62,38,72,5,15,25,5,1.4780407643111348,0.6848765353209393,5.959825281151245
158,62,62,38,72,5,15,25,7,1.8766553704268618,0.8937346713768803,8.299048126202429
159,62,62,38,72,5,15,25,10,1.8492760633439707,0.733281271692407,8.765143062036367
160,62,62,38,72,5,15,25,15,1.6720508976167312,0.6959161377790568,8.657788196267658
161,62,62,38,72,5,15,25,20,1.773063218058559,0.7683971296686029,9.899870881586011
162,62,62,38,72,5,15,72,3,4.745989479116142,2.836832573067901,20.361100565213956
163,62,62,38,72,5,15,72,5,3.517445093663388,1.3245662321397176,12.666407737471257
164,62,62,38,72,5,15,72,7,2.444464001846105,1.7590184491857388,10.560352105252447
165,62,62,38,72,5,15,72,10,1.8129598933155855,0.8615019128424626,7.417333894130162
166,62,62,38,72,5,15,72,15,1.7727992152519574,0.8640074237241261,7.941912131813121
167,62,62,38,72,5,15,72,20,1.7854353810958303,0.8798426901299488,8.114737046323825
168,62,62,38,72,15,5,25,3,0.0,101.0569608580269,515.4417667518618
169,62,62,38,72,15,5,25,5,0.0,29.411028700641268,304.3465807587498
170,62,62,38,72,15,5,25,7,0.0,25.299693604786675,259.8633419539908
171,62,62,38,72,15,5,25,10,0.0,22.614470324652544,147.7111313269206
172,62,62,38,72,15,5,25,15,0.0,24.13606480164065,97.66009994933223
173,62,62,38,72,15,5,25,20,0.0,26.420062620449002,113.16923721627226
174,62,62,38,72,15,5,72,3,0.0,18.930228044669594,52.39247247768932
175,62,62,38,72,15,5,72,5,0.0,22.19235225412317,44.29421839451393
176,62,62,38,72,15,5,72,7,0.0,18.80199302813669,44.743944691375276
177,62,62,38,72,15,5,72,10,0.0,19.033829507357115,42.986487974915015
178,62,62,38,72,15,5,72,15,0.0,19.235545624600494,42.0143248005904
179,62,62,38,72,15,5,72,20,0.0,19.856988302320367,40.093656325466476
180,62,62,38,72,15,15,25,3,0.0,1.0,0.0
181,62,62,38,72,15,15,25,5,0.0,0.8295220287108142,0.0
182,62,62,38,72,15,15,25,7,0.0,0.9423023055222026,0.0
183,62,62,38,72,15,15,25,10,0.0,0.6572670690061992,0.0
184,62,62,38,72,15,15,25,15,0.0,0.7038656329643412,0.0
185,62,62,38,72,15,15,25,20,0.0,0.6896737524587523,0.0
186,62,62,38,72,15,15,72,3,0.0,1.1547005383792512,30.234761346419255
187,62,62,38,72,15,15,72,5,0.0,0.6089028755593184,17.026181117243052
188,62,62,38,72,15,15,72,7,0.0,0.5152723198647208,14.35678121968041
189,62,62,38,72,15,15,72,10,0.0,0.577293168203135,14.262608075237905
190,62,62,38,72,15,15,72,15,0.0,0.6583570976342001,15.185253919914151
191,62,62,38,72,15,15,72,20,0.0,0.7056010471751448,16.743028208752747
192,62,188,12,25,5,5,25,3,11.535818097512244,1.3369862782510074,27.08938499220372
193,62,188,12,25,5,5,25,5,6.1994320045713325,1.237103900395789,5.788305472439463
194,62,188,12,25,5,5,25,7,4.450156054592249,1.1843046209979722,4.731753453563521
195,62,188,12,25,5,5,25,10,4.736142449839636,1.4528109648770433,5.193953250366302
196,62,188,12,25,5,5,25,15,4.277124468569256,1.6033997154018829,4.646553297511815
197,62,188,12,25,5,5,25,20,4.366267488953288,1.6262241619021305,4.816846846003231
198,62,188,12,25,5,5,72,3,4.170166758713836,1.270977818604485,1.4421829538268485
199,62,188,12,25,5,5,72,5,5.43351920642249,1.7565817305730553,1.8857914908839468
200,62,188,12,25,5,5,72,7,5.298562838667943,1.5686814039181238,2.494706715770481
201,62,188,12,25,5,5,72,10,5.5920970887954295,1.5329220257042908,2.82027704466374
202,62,188,12,25,5,5,72,15,5.846284659332694,1.6127904606052321,3.0328061324991067
203,62,188,12,25,5,5,72,20,5.794895340918562,1.6614621082934184,2.9820215098628404
204,62,188,12,25,5,15,25,3,2.136927489303337,0.5773502691896257,2.673094254707361
205,62,188,12,25,5,15,25,5,2.6214043317752225,0.6433935217894232,2.4618203134485426
206,62,188,12,25,5,15,25,7,3.2270731546584517,0.570579441391972,2.9132001156816965
207,62,188,12,25,5,15,25,10,3.2667621878053206,0.5553406124689098,2.310057996143495
208,62,188,12,25,5,15,25,15,3.313597643876265,0.6563237029837085,2.6318530044959214
209,62,188,12,25,5,15,25,20,3.391957161461821,0.5842086268199944,2.969233750366357
210,62,188,12,25,5,15,72,3,4.14561730998197,0.5773502691896258,1.6130358241782634
211,62,188,12,25,5,15,72,5,4.943956103559418,0.5264009695295625,1.6567144746751374
212,62,188,12,25,5,15,72,7,5.53402604303906,0.5367291720930357,1.771132456166085
213,62,188,12,25,5,15,72,10,5.75718523994637,0.6234793969851569,2.0156014433103593
214,62,188,12,25,5,15,72,15,4.288554931375336,0.6350618158236983,0.7809153000248997
215,62,188,12,25,5,15,72,20,3.9636114851911706,0.6831373401722061,0.8726533784556281
216,62,188,12,25,15,5,25,3,2.182178902359924,16.51158584885351,138.24333429596018
217,62,188,12,25,15,5,25,5,1.021024852378686,5.846075361430982,54.81746321559013
218,62,188,12,25,15,5,25,7,0.8750404521393618,4.203883637126843,58.6362915121708
219,62,188,12,25,15,5,25,10,0.6787352584891503,3.8287094917973286,39.044457483058764
220,62,188,12,25,15,5,25,15,0.660144624921225,4.266841057105999,37.88083228544531
221,62,188,12,25,15,5,25,20,0.7165308303308114,4.366746412163118,37.19857255649144
222,62,188,12,25,15,5,72,3,3.1247297332915047,8.63565512068911,19.480677037974736
223,62,188,12,25,15,5,72,5,1.481200415154665,4.128335343043033,6.344983094790729
224,62,188,12,25,15,5,72,7,1.5696013587830935,3.315599005752342,6.294277879291422
225,62,188,12,25,15,5,72,10,1.430892649653547,3.5453644557629542,7.464081546555899
226,62,188,12,25,15,5,72,15,1.3262662602121633,3.671485249495265,7.836471982462042
227,62,188,12,25,15,5,72,20,1.3492694224193154,3.4778025394198773,7.814955611706107
228,62,188,12,25,15,15,25,3,1.1088261750675463,1.0501954657207861,3.7872803204759973
229,62,188,12,25,15,15,25,5,1.9230782256130208,1.4409088414543543,4.692370376889847
230,62,188,12,25,15,15,25,7,1.7494844554114874,1.0180470294938655,3.4476776703377876
231,62,188,12,25,15,15,25,10,1.4501617252622994,0.9116275772979591,3.1225008467081166
232,62,188,12,25,15,15,25,15,1.3870447727209756,0.9618841451417978,3.1466801427245636
233,62,188,12,25,15,15,25,20,1.3557141249311462,1.0221351836813624,3.0116387285586415
234,62,188,12,25,15,15,72,3,1.3290522634149189,3.781368064975422,2.763416227840383
235,62,188,12,25,15,15,72,5,1.493275528739074,1.9461618041217765,2.9168755174733065
236,62,188,12,25,15,15,72,7,1.5386310488323023,1.1525425727336838,2.9144659926808174
237,62,188,12,25,15,15,72,10,1.5291226452056044,1.1442058241197217,3.4648559422481022
238,62,188,12,25,15,15,72,15,1.5094028867382392,1.1688519238532635,3.7651856389133083
239,62,188,12,25,15,15,72,20,1.5388337265621992,1.2739298501907457,3.726066181705032
240,62,188,12,72,5,5,25,3,1.721359976523322,2.8395408301315643,14.313809310802673
241,62,188,12,72,5,5,25,5,1.3339428651359269,3.4867375689850153,18.20389304286406
242,62,188,12,72,5,5,25,7,0.8146639693559076,3.7647800078035725,19.385001060443376
243,62,188,12,72,5,5,25,10,0.9458333333333334,2.5620013744800767,20.835027517767728
244,62,188,12,72,5,5,25,15,0.9419098260450494,2.5288874019413976,22.602512763728487
245,62,188,12,72,5,5,25,20,0.8497902754707214,2.5372010068365998,23.15998235074711
246,62,188,12,72,5,5,72,3,1.1263148458111012,5.826028223113251,14.440825550953955
247,62,188,12,72,5,5,72,5,1.1637436844328415,2.2825570942611133,11.643435082408468
248,62,188,12,72,5,5,72,7,0.839071541619892,2.3853816892683124,14.447685653164053
249,62,188,12,72,5,5,72,10,0.7827670272900032,2.2123950037166034,14.867547801846806
250,62,188,12,72,5,5,72,15,0.7998679089537998,2.164898545215774,16.508905189288797
251,62,188,12,72,5,5,72,20,0.819502463598276,2.218631636658478,16.203304820534225
252,62,188,12,72,5,15,25,3,0.0,0.0,0.0
253,62,188,12,72,5,15,25,5,0.6380253879670459,0.5371105458093506,11.317476782642052
254,62,188,12,72,5,15,25,7,0.551831462586864,0.43250013575969004,12.400275112643888
255,62,188,12,72,5,15,25,10,0.46367746357529477,0.32691409524031756,12.651964233095336
256,62,188,12,72,5,15,25,15,0.4308463831103544,0.2959958227513139,10.706807962994223
257,62,188,12,72,5,15,25,20,0.40302948819445483,0.26567899290145575,10.719787468318565
258,62,188,12,72,5,15,72,3,0.0,0.0,12.191476910996728
259,62,188,12,72,5,15,72,5,0.3535533905932738,0.0,13.400844953987376
260,62,188,12,72,5,15,72,7,0.31728821110732824,0.0,14.260853910412907
261,62,188,12,72,5,15,72,10,0.3819871379588403,0.0,15.8148512988157
262,62,188,12,72,5,15,72,15,0.41443398998227254,0.0,13.999378584282004
263,62,188,12,72,5,15,72,20,0.4230142899377609,0.0,14.545285355069252
264,62,188,12,72,15,5,25,3,0.0,3.6496815286624202,643.0032426574745
265,62,188,12,72,15,5,25,5,0.0,3.5202843552069703,1061.445555206044
266,62,188,12,72,15,5,25,7,0.0,4.322274202265525,456.4369818983884
267,62,188,12,72,15,5,25,10,0.0,4.537313044651961,436.0715379683256
268,62,188,12,72,15,5,25,15,0.0,4.880271674272682,381.8529514027836
269,62,188,12,72,15,5,25,20,0.12909944487358058,4.931073215887603,218.07407884912857
270,62,188,12,72,15,5,72,3,0.0,13.623034341754298,26.91995612234145
271,62,188,12,72,15,5,72,5,0.0,8.105061224206974,31.008634571783887
272,62,188,12,72,15,5,72,7,0.0,7.110977183233944,27.64237877066564
273,62,188,12,72,15,5,72,10,0.19999999999999998,6.5889168473223725,27.13915566609715
274,62,188,12,72,15,5,72,15,0.1869763604377564,5.6697706223461966,28.539359224210845
275,62,188,12,72,15,5,72,20,0.15240848551407127,5.317122704510383,27.748178678373673
276,62,188,12,72,15,15,25,3,1.0468753387493275,0.5773502691896258,1.246299397039049
277,62,188,12,72,15,15,25,5,0.7525555991785888,0.6428148862392673,1.5475182712577333
278,62,188,12,72,15,15,25,7,0.6913771795518615,0.29951990325756656,1.7763413199669122
279,62,188,12,72,15,15,25,10,0.6510751516871041,0.32219630748607647,1.9998586550186652
280,62,188,12,72,15,15,25,15,0.5649204470836082,0.31497162005842205,2.349844265404863
281,62,188,12,72,15,15,25,20,0.5839289250990238,0.33310228582024737,2.3339259238104053
282,62,188,12,72,15,15,72,3,1.022552881020131,0.7266542628918586,2.209685847893648
283,62,188,12,72,15,15,72,5,0.5097879618415297,0.4169355453188248,4.039774447990692
284,62,188,12,72,15,15,72,7,0.6532404096170984,0.4707524546247483,1.7462400108992344
285,62,188,12,72,15,15,72,10,0.7397444968805383,0.5427041733616172,1.6289226558573413
286,62,188,12,72,15,15,72,15,0.6224906663713955,0.37981451872886357,1.9221338304782285
287,62,188,12,72,15,15,72,20,0.6341914820437867,0.4003431673362305,1.8164787641367306
288,62,188,38,25,5,5,25,3,7.702375792068342,1.3702398184435214,9.261852780705778
289,62,188,38,25,5,5,25,5,5.369550297174642,2.5056085788484133,6.561841405911824
290,62,188,38,25,5,5,25,7,5.253853447082644,1.5105815238127296,6.490208456965604
291,62,188,38,25,5,5,25,10,4.133436383108236,1.6104956280695175,4.539655175404843
292,62,188,38,25,5,5,25,15,3.845521843243406,1.5908156889137879,4.245925116687976
293,62,188,38,25,5,5,25,20,3.87109421855133,1.6436085389535449,4.3802122390864415
294,62,188,38,25,5,5,72,3,15.191211069986942,2.9875271984342398,4.139615024205763
295,62,188,38,25,5,5,72,5,7.195756112681794,2.0329293887375783,2.971948491278241
296,62,188,38,25,5,5,72,7,7.343539121017671,1.893531256744348,3.3037640686022303
297,62,188,38,25,5,5,72,10,4.853858085948572,1.467707077286735,2.0609708078439337
298,62,188,38,25,5,5,72,15,4.648335406849602,1.4107214253538471,2.2286583758482417
299,62,188,38,25,5,5,72,20,4.939461060029663,1.5227733908967502,2.399593497306169
300,62,188,38,25,5,15,25,3,3.339595720046766,0.7317914527039935,4.203909758588218
301,62,188,38,25,5,15,25,5,3.4901864277639434,0.6287021091630428,3.2124538276732477
302,62,188,38,25,5,15,25,7,3.1460967356648286,0.702378407016185,3.9508753771692664
303,62,188,38,25,5,15,25,10,3.5082469612052827,0.6732190728248061,4.650622821075388
304,62,188,38,25,5,15,25,15,3.145036349404181,0.703296365675246,3.7298226519981865
305,62,188,38,25,5,15,25,20,3.12267614504215,0.5019003177569421,3.6790114431289145
306,62,188,38,25,5,15,72,3,2.131053665084131,0.5773502691896257,0.922024045718663
307,62,188,38,25,5,15,72,5,3.1550937217883206,0.43654368650376835,1.1970471329466905
308,62,188,38,25,5,15,72,7,3.5788298251428396,0.48356114685905993,1.1135871148862795
309,62,188,38,25,5,15,72,10,3.8754157416732844,0.4481736818721142,1.4207269791159916
310,62,188,38,25,5,15,72,15,3.4701492697966865,0.5146635931446035,1.3517369701577011
311,62,188,38,25,5,15,72,20,3.5497619083570053,0.39962873816905065,1.4017244884290743
312,62,188,38,25,15,5,25,3,0.0,3.6575846216208383,80.17966876733705
313,62,188,38,25,15,5,25,5,0.0,5.27648180082236,134.44007425979126
314,62,188,38,25,15,5,25,7,0.0,4.356948496213269,164.4470500474172
315,62,188,38,25,15,5,25,10,0.0,4.22511919758261,156.41730127967259
316,62,188,38,25,15,5,25,15,0.15811388300841897,3.9712493051760056,99.36315023704012
317,62,188,38,25,15,5,25,20,0.1290994448735807,3.980403619096784,112.56696729072532
318,62,188,38,25,15,5,72,3,0.8006407690254358,11.790040569663203,20.926878290290958
319,62,188,38,25,15,5,72,5,0.6002450479987809,5.465542614685771,14.612179049506732
320,62,188,38,25,15,5,72,7,0.35067502473511425,4.2435273165263165,13.35112656033307
321,62,188,38,25,15,5,72,10,0.30359872868298543,4.597556412088084,15.463649720948338
322,62,188,38,25,15,5,72,15,0.33435335152197937,4.0089311689236675,13.43878472802647
323,62,188,38,25,15,5,72,20,0.33804156086520604,4.223113855458851,12.996870126102072
324,62,188,38,25,15,15,25,3,0.9190235837806778,0.7851657981470088,2.1235629608227873
325,62,188,38,25,15,15,25,5,0.8368794159686629,0.8550398479578326,3.349104584421286
326,62,188,38,25,15,15,25,7,1.017162693405414,1.0013080676325488,2.682104130150252
327,62,188,38,25,15,15,25,10,0.9802260529125347,0.7811605162895163,2.684391834390744
328,62,188,38,25,15,15,25,15,1.0420674231776001,1.0044072556979344,2.2252308411695108
329,62,188,38,25,15,15,25,20,1.0622367690662609,0.9333022437861476,2.4044388837886697
330,62,188,38,25,15,15,72,3,1.1677108969889884,1.068830839650193,1.9687157581829928
331,62,188,38,25,15,15,72,5,0.9156300069199902,0.9114401991728404,2.5848835190181267
332,62,188,38,25,15,15,72,7,0.8781657662225749,0.822330275528558,3.251296605910732
333,62,188,38,25,15,15,72,10,0.8910413039341365,0.8318371756668209,3.119001293420172
334,62,188,38,25,15,15,72,15,1.0334608895354,0.9405111254504833,3.390426439344492
335,62,188,38,25,15,15,72,20,1.015288966221383,0.8631839148694845,3.1687466796347517
336,62,188,38,72,5,5,25,3,1.0465085928519267,3.0713545094584513,10.647071334416076
337,62,188,38,72,5,5,25,5,1.1049357067964367,2.7531557938365228,14.456875695660262
338,62,188,38,72,5,5,25,7,0.7588459558047037,2.194341194074048,16.66187490644549
339,62,188,38,72,5,5,25,10,0.6203106286963168,2.1289413038988165,17.214624043916707
340,62,188,38,72,5,5,25,15,0.7042872537589756,2.2013480756895625,18.612168338536254
341,62,188,38,72,5,5,25,20,0.71742983983956,2.1666668564034173,20.41999848179086
342,62,188,38,72,5,5,72,3,1.0,3.3752637027780716,32.82621996954248
343,62,188,38,72,5,5,72,5,0.9680659468302275,1.80750642527456,10.687015172065214
344,62,188,38,72,5,5,72,7,0.6587588076880108,1.6617651399582891,12.535830511152135
345,62,188,38,72,5,5,72,10,0.6554771923189621,1.7546236903776806,13.818381351981573
346,62,188,38,72,5,5,72,15,0.6870677214195005,1.8457490824992442,15.963897330387196
347,62,188,38,72,5,5,72,20,0.7239661443972809,2.0136761275735524,17.36742544958047
348,62,188,38,72,5,15,25,3,0.0,0.0,0.0
349,62,188,38,72,5,15,25,5,0.5245558329013057,0.0,36.35491822153126
350,62,188,38,72,5,15,25,7,0.4587832470716192,0.0,17.38693724544766
351,62,188,38,72,5,15,25,10,0.483015943562835,0.0,18.310882709673898
352,62,188,38,72,5,15,25,15,0.4797883063254149,0.0,18.5236820889817
353,62,188,38,72,5,15,25,20,0.4938595527161119,0.0,16.74872371974902
354,62,188,38,72,5,15,72,3,0.6843783363929514,0.0,3.738130213900755
355,62,188,38,72,5,15,72,5,0.6414736612920408,0.0,6.17763663373287
356,62,188,38,72,5,15,72,7,0.4761972210503032,0.0,7.635274936996813
357,62,188,38,72,5,15,72,10,0.5815088569768241,0.2,8.093756352519604
358,62,188,38,72,5,15,72,15,0.5784206386529653,0.22124600579890066,9.5176661301609
359,62,188,38,72,5,15,72,20,0.526854224444277,0.2069182479362688,10.957852200388267
360,62,188,38,72,15,5,25,3,0.0,3.425443409671072,2251.954724974135
361,62,188,38,72,15,5,25,5,0.0,4.373356850903254,3678.015922341827
362,62,188,38,72,15,5,25,7,0.0,3.960620374398202,5036.556642852998
363,62,188,38,72,15,5,25,10,0.0,4.043120830133226,1806.116137744887
364,62,188,38,72,15,5,25,15,0.0,4.2106847844850686,1233.3179391621288
365,62,188,38,72,15,5,25,20,0.0,3.7689742449038945,976.7047912139657
366,62,188,38,72,15,5,72,3,0.0,4.24093941686064,23.067653212135173
367,62,188,38,72,15,5,72,5,0.0,5.365712231065459,28.965601000185575
368,62,188,38,72,15,5,72,7,0.0,5.071292462597022,32.93243819288343
369,62,188,38,72,15,5,72,10,0.20000000000000007,5.541345244738787,35.46819750981365
370,62,188,38,72,15,5,72,15,0.21942686286812788,4.787253068600795,32.26599134597495
371,62,188,38,72,15,5,72,20,0.17846246916784614,5.3224288356828895,31.79108824891994
372,62,188,38,72,15,15,25,3,0.7776809339283479,0.5798917868327239,1.1967322610653084
373,62,188,38,72,15,15,25,5,0.7835165235926962,0.4880943915838988,1.43637078524784
374,62,188,38,72,15,15,25,7,0.6619131211707284,0.4987210823479372,1.5924624510911067
375,62,188,38,72,15,15,25,10,0.563986872282147,0.43188679483947046,1.939504996227143
376,62,188,38,72,15,15,25,15,0.44066078883168625,0.3518052336783495,2.4176559400207944
377,62,188,38,72,15,15,25,20,0.41688216971408376,0.3526192727210023,2.5720036449811134
378,62,188,38,72,15,15,72,3,0.0,0.0,6.862387365247188
379,62,188,38,72,15,15,72,5,0.41759189893378584,0.3895340279295739,2.197755421772637
380,62,188,38,72,15,15,72,7,0.5222527935140173,0.5000123621004822,1.9405765561662691
381,62,188,38,72,15,15,72,10,0.5096097196463083,0.44212016460476017,1.9774688535748817
382,62,188,38,72,15,15,72,15,0.48689071778622917,0.4033302732980821,2.14212809767633
383,62,188,38,72,15,15,72,20,0.41011566985082776,0.34576788323641033,2.5090772509989416
384,188,62,12,25,5,5,25,3,1.6092496302918025,6.002768500498983,13.829132411066617
385,188,62,12,25,5,5,25,5,1.4926197858699615,3.5200395151201547,16.3100954738692
386,188,62,12,25,5,5,25,7,1.6155246329534436,3.605653134795438,19.889678986205034
387,188,62,12,25,5,5,25,10,1.6845871705014412,3.657270566974731,21.209042722631935
388,188,62,12,25,5,5,25,15,1.69913243012318,4.220975459742691,20.173986268879187
389,188,62,12,25,5,5,25,20,1.7861745566144063,4.312943338430312,19.470336295528387
390,188,62,12,25,5,5,72,3,3.165509421522942,3.7985167672905487,18.85051346502969
391,188,62,12,25,5,5,72,5,2.953465477622287,5.206353254826157,14.017678535643183
392,188,62,12,25,5,5,72,7,2.8249539642420514,4.484422171036507,13.609076440000498
393,188,62,12,25,5,5,72,10,2.627426647219072,5.116654394273185,12.383760712066106
394,188,62,12,25,5,5,72,15,2.8057978648134054,5.01046910188333,12.870604896974015
395,188,62,12,25,5,5,72,20,2.6369969206242727,4.836727238302361,13.226268121909856
396,188,62,12,25,5,15,25,3,4.515214385524079,1.5218492514815352,5.267697957713809
397,188,62,12,25,5,15,25,5,2.2771004545663946,0.8412453425476338,3.7837392439243605
398,188,62,12,25,5,15,25,7,2.7893777828468815,0.8709279285131317,4.517382264067654
399,188,62,12,25,5,15,25,10,2.866133608081749,0.9023193703409291,4.773553460531468
400,188,62,12,25,5,15,25,15,3.177836279923288,0.9028657071954248,5.469666025520525
401,188,62,12,25,5,15,25,20,2.9288540039629942,0.9331648407636948,5.167204724135445
402,188,62,12,25,5,15,72,3,6.642857142857143,6.80336051416609,16.19489056045579
403,188,62,12,25,5,15,72,5,3.054558559945305,1.1749033274867853,3.6592338318377595
404,188,62,12,25,5,15,72,7,3.588349120267652,1.2755656409281846,4.274329175091059
405,188,62,12,25,5,15,72,10,3.824967695085811,1.0784668704812517,4.539733174437269
406,188,62,12,25,5,15,72,15,3.7108499764527894,1.0865328103140774,4.535858787358769
407,188,62,12,25,5,15,72,20,3.078874846433119,1.0240332348013417,4.200122692903194
408,188,62,12,25,15,5,25,3,0.0,7.051562709486656,242.98444691263975
409,188,62,12,25,15,5,25,5,0.0,6.760547661101467,92.25597996746475
410,188,62,12,25,15,5,25,7,0.0,7.381746654896475,100.17678478747663
411,188,62,12,25,15,5,25,10,0.0,7.9742435034831205,72.83828857006685
412,188,62,12,25,15,5,25,15,0.15811388300841897,6.809956671820665,73.33605538648044
413,188,62,12,25,15,5,25,20,0.1841413749731752,6.764284360584032,75.97206080199757
414,188,62,12,25,15,5,72,3,1.253038053948373,2.5669507850161777,6.65888148045288
415,188,62,12,25,15,5,72,5,1.0362962676389749,2.70387708736887,7.860785677305081
416,188,62,12,25,15,5,72,7,1.3078749054104097,3.3944622979013133,6.774808313355799
417,188,62,12,25,15,5,72,10,1.4947060491338884,3.5302520998586973,6.802212444967848
418,188,62,12,25,15,5,72,15,1.6109745123946113,3.339954371686362,6.477721065615538
419,188,62,12,25,15,5,72,20,1.5214543084940702,2.9907216319598984,5.503137283055282
420,188,62,12,25,15,15,25,3,0.5773502691896258,0.5773502691896256,2.14474287309838
421,188,62,12,25,15,15,25,5,0.3535533905932738,0.3535533905932738,4.09160609669666
422,188,62,12,25,15,15,25,7,0.3643146452492957,0.3284350552451268,3.390539941326012
423,188,62,12,25,15,15,25,10,0.3740775886150803,0.25224862683981253,3.463679941653441
424,188,62,12,25,15,15,25,15,0.4010942995983992,0.259863597785297,3.571898804224787
425,188,62,12,25,15,15,25,20,0.4337628131682361,0.28396751464379333,3.275808980908252
426,188,62,12,25,15,15,72,3,0.0,0.0,6.9886901667738135
427,188,62,12,25,15,15,72,5,0.3535533905932738,0.0,3.964883541512291
428,188,62,12,25,15,15,72,7,0.3092436597348223,0.0,3.595565793519186
429,188,62,12,25,15,15,72,10,0.35281138061521994,0.0,2.785452212823351
430,188,62,12,25,15,15,72,15,0.40934946471732436,0.15811388300841897,2.912425896210816
431,188,62,12,25,15,15,72,20,0.4614606797312002,0.16779399579994253,2.672149356624361
432,188,62,12,72,5,5,25,3,0.0,16.71466918512853,194.31601886073452
433,188,62,12,72,5,5,25,5,0.0,9.713264379174682,239.07215638359304
434,188,62,12,72,5,5,25,7,0.2581988897471611,6.028610922009797,135.0787929231859
435,188,62,12,72,5,5,25,10,0.19999999999999993,6.394120656575512,156.3882778637519
436,188,62,12,72,5,5,25,15,0.22652988649113004,5.476539110051246,180.31744926081785
437,188,62,12,72,5,5,25,20,0.18414137497317526,5.777110366430032,191.32008352409923
438,188,62,12,72,5,5,72,3,0.0,7.830277624318528,215.77400917239783
439,188,62,12,72,5,5,72,5,0.0,10.005640561563958,74.1904869050557
440,188,62,12,72,5,5,72,7,0.0,8.87318087907004,43.11374042602704
441,188,62,12,72,5,5,72,10,0.19999999999999998,8.298578667250947,45.62435435094207
442,188,62,12,72,5,5,72,15,0.22652988649113,7.395450758993726,48.52826860870741
443,188,62,12,72,5,5,72,20,0.29124608349325437,6.97234736984459,46.47928437589854
444,188,62,12,72,5,15,25,3,0.0,0.5773502691896256,0.0
445,188,62,12,72,5,15,25,5,0.0,0.5400617248673217,0.0
446,188,62,12,72,5,15,25,7,0.0,0.4830458915396479,0.0
447,188,62,12,72,5,15,25,10,0.0,0.46475800154489,0.0
448,188,62,12,72,5,15,25,15,0.15811388300841897,0.4309458036856674,65.64255966977521
449,188,62,12,72,5,15,25,20,0.18754035829937546,0.38894993415869233,76.98276143869383
450,188,62,12,72,5,15,72,3,0.0,0.0,46.56757584313875
451,188,62,12,72,5,15,72,5,0.0,0.0,15.78676195552856
452,188,62,12,72,5,15,72,7,0.0,0.0,13.350317748095843
453,188,62,12,72,5,15,72,10,0.0,0.0,11.088508912416039
454,188,62,12,72,5,15,72,15,0.0,0.15811388300841897,11.310553058120593
455,188,62,12,72,5,15,72,20,0.12909944487358052,0.12909944487358052,9.612025962873684
456,188,62,12,72,15,5,25,3,0.0,15.457592339699138,449.9290647794753
457,188,62,12,72,15,5,25,5,0.0,17.841875694071515,743.7277998062722
458,188,62,12,72,15,5,25,7,0.0,17.878764648905236,888.8750866535454
459,188,62,12,72,15,5,25,10,0.0,19.81076201745278,748.4901586607139
460,188,62,12,72,15,5,25,15,0.0,19.479576730900256,779.2058014228115
461,188,62,12,72,15,5,25,20,0.0,19.966160749375828,688.9102539304104
462,188,62,12,72,15,5,72,3,0.0,22.793925477747514,119.43811959881299
463,188,62,12,72,15,5,72,5,0.0,8.714216948780626,82.81921044807797
464,188,62,12,72,15,5,72,7,0.0,9.01239058647233,63.19011709279412
465,188,62,12,72,15,5,72,10,0.0,9.491578680432186,77.09766336443293
466,188,62,12,72,15,5,72,15,0.0,9.466367726789143,79.6399075090881
467,188,62,12,72,15,5,72,20,0.0,10.34380307823541,82.53080271026658
468,188,62,12,72,15,15,25,3,0.0,0.9072647087265547,0.0
469,188,62,12,72,15,15,25,5,0.0,0.7869661933486624,0.0
470,188,62,12,72,15,15,25,7,0.0,0.6238126615412996,0.0
471,188,62,12,72,15,15,25,10,0.0,0.6865187481921203,0.0
472,188,62,12,72,15,15,25,15,0.0,0.7153583510917297,0.0
473,188,62,12,72,15,15,25,20,0.0,0.6658406218828572,0.0
474,188,62,12,72,15,15,72,3,0.0,0.0,83.85788039775089
475,188,62,12,72,15,15,72,5,0.0,0.5040161287741853,16.787470057501512
476,188,62,12,72,15,15,72,7,0.0,0.38053488970366184,21.434116205677018
477,188,62,12,72,15,15,72,10,0.0,0.39172299019984186,26.8174643131948
478,188,62,12,72,15,15,72,15,0.0,0.44777844101698683,26.42371348558137
479,188,62,12,72,15,15,72,20,0.0,0.41175263191029815,29.478233686774946
480,188,62,38,25,5,5,25,3,0.9072647087265547,3.6309650014767505,17.06083736261146
481,188,62,38,25,5,5,25,5,1.1939513050122466,2.8026985604684924,17.072893106590506
482,188,62,38,25,5,5,25,7,1.0301011726867795,2.5827104960889957,20.902192206128067
483,188,62,38,25,5,5,25,10,1.0500443536157684,3.057560559546525,24.77118557629175
484,188,62,38,25,5,5,25,15,1.1894587277488007,3.3820044776831026,23.414415105469335
485,188,62,38,25,5,5,25,20,1.3276480285765504,3.670773926299744,25.833905670666297
486,188,62,38,25,5,5,72,3,1.401753288100925,5.089333937223587,16.628429575296515
487,188,62,38,25,5,5,72,5,2.0367101919019066,3.6917005526193276,12.81708688135855
488,188,62,38,25,5,5,72,7,2.197926230051149,3.892044922173119,14.211807530835678
489,188,62,38,25,5,5,72,10,2.180992046588857,3.620326742129936,14.32545443964202
490,188,62,38,25,5,5,72,15,1.9420172923544041,3.9367323456218934,15.245167180959957
491,188,62,38,25,5,5,72,20,1.8492507899155834,4.225498336241181,15.785954582563285
492,188,62,38,25,5,15,25,3,3.518088688192745,5.60448538317805,8.832371044968047
493,188,62,38,25,5,15,25,5,4.411611516948267,1.0825134839982247,8.468522847259168
494,188,62,38,25,5,15,25,7,3.2623544206411546,0.7154268002525197,6.1570990132889865
495,188,62,38,25,5,15,25,10,3.371967637130634,0.7908682823523896,6.162931561746553
496,188,62,38,25,5,15,25,15,3.528394006725295,0.9583859056491784,6.479004615233173
497,188,62,38,25,5,15,25,20,3.293677885822822,0.8633811675557542,6.275776922089352
498,188,62,38,25,5,15,72,3,3.346691183892216,1.1157667960994737,4.011223841279953
499,188,62,38,25,5,15,72,5,2.6770968246120823,0.6956500003711219,3.7903396605173967
500,188,62,38,25,5,15,72,7,2.6362787835763797,0.8668322938966267,3.9924497226234053
501,188,62,38,25,5,15,72,10,2.870330051128982,0.8996679646381084,4.1752078617438215
502,188,62,38,25,5,15,72,15,2.6664728271173326,0.8325131025626337,4.196521464684381
503,188,62,38,25,5,15,72,20,2.7822193253289136,0.7215107994499816,4.127627004763406
504,188,62,38,25,15,5,25,3,0.0,14.535458349664871,864.6666666666666
505,188,62,38,25,15,5,25,5,0.0,14.812769370874033,708.0089835197579
506,188,62,38,25,15,5,25,7,0.0,13.72352674502848,98.26289934183771
507,188,62,38,25,15,5,25,10,0.0,16.26553201320823,102.81306871711934
508,188,62,38,25,15,5,25,15,0.0,16.772972289003068,89.25159527798094
509,188,62,38,25,15,5,25,20,0.0,15.609049021801775,80.74414423640759
510,188,62,38,25,15,5,72,3,0.0,16.386628615795654,232.69351867175158
511,188,62,38,25,15,5,72,5,0.3535533905932738,12.108891619813784,79.18615587344712
512,188,62,38,25,15,5,72,7,0.3338304750463201,8.5948413575604,57.36512821053876
513,188,62,38,25,15,5,72,10,0.2562050460881392,8.519045890346563,60.024283248813106
514,188,62,38,25,15,5,72,15,0.2015564437074638,9.180578837016077,61.816923079101045
515,188,62,38,25,15,5,72,20,0.16413603891103956,9.19484871788763,52.28969590861725
516,188,62,38,25,15,15,25,3,0.0,0.5773502691896256,0.0
517,188,62,38,25,15,15,25,5,0.0,0.35355339059327373,0.0
518,188,62,38,25,15,15,25,7,0.0,0.2581988897471611,0.0
519,188,62,38,25,15,15,25,10,0.0,0.1999999999999999,0.0
520,188,62,38,25,15,15,25,15,0.15811388300841897,0.2241352115575258,37.14385525122266
521,188,62,38,25,15,15,25,20,0.12909944487358063,0.3268587757360717,45.55629594508332
522,188,62,38,25,15,15,72,3,0.0,0.0,6.098847440011188
523,188,62,38,25,15,15,72,5,0.0,0.0,6.092361656624272
524,188,62,38,25,15,15,72,7,0.0,0.0,5.623717668752297
525,188,62,38,25,15,15,72,10,0.0,0.0,6.315990709552091
526,188,62,38,25,15,15,72,15,0.0,0.15811388300841897,5.422406439965966
527,188,62,38,25,15,15,72,20,0.0,0.17439143079297387,5.3973789574141176
528,188,62,38,72,5,5,25,3,0.0,4.082269421211263,395.4287928724439
529,188,62,38,72,5,5,25,5,0.0,6.221190326847219,526.982882856293
530,188,62,38,72,5,5,25,7,0.0,6.955428616742647,602.9063042783142
531,188,62,38,72,5,5,25,10,0.0,5.623912123507374,277.2745419544499
532,188,62,38,72,5,5,25,15,0.0,5.21001778757467,259.7667864631206
533,188,62,38,72,5,5,25,20,0.0,5.210997928238145,275.2869116181166
534,188,62,38,72,5,5,72,3,0.0,16.645338034640865,31.83019502774873
535,188,62,38,72,5,5,72,5,0.0,12.646091776357284,53.21744376381411
536,188,62,38,72,5,5,72,7,0.0,8.509509628619373,49.28375222558761
537,188,62,38,72,5,5,72,10,0.0,7.814885871730801,44.5810961974394
538,188,62,38,72,5,5,72,15,0.0,6.321398913060789,38.82890377856972
539,188,62,38,72,5,5,72,20,0.0,6.401308130564403,41.851496745381
540,188,62,38,72,5,15,25,3,0.0,0.0,0.0
541,188,62,38,72,5,15,25,5,0.0,0.35355339059327373,0.0
542,188,62,38,72,5,15,25,7,0.0,0.4907751165796443,0.0
543,188,62,38,72,5,15,25,10,0.0,0.4386351958895558,0.0
544,188,62,38,72,5,15,25,15,0.15811388300841894,0.3799831786529047,135.7936909781148
545,188,62,38,72,5,15,25,20,0.12909944487358058,0.31463198914065305,166.37717631521724
546,188,62,38,72,5,15,72,3,0.0,0.0,7.367849870456324
547,188,62,38,72,5,15,72,5,0.0,0.0,11.858828478523929
548,188,62,38,72,5,15,72,7,0.25819888974716115,0.0,11.795895702042465
549,188,62,38,72,5,15,72,10,0.27291529568840517,0.19999999999999996,12.182760543736585
550,188,62,38,72,5,15,72,15,0.21434180268198594,0.3658614351970144,10.72321595030225
551,188,62,38,72,5,15,72,20,0.2021802238649238,0.31676511180119205,10.964132179711374
552,188,62,38,72,15,5,25,3,0.0,17.719787180888837,398.4790111282039
553,188,62,38,72,15,5,25,5,0.0,21.096457292995066,520.79010349329
554,188,62,38,72,15,5,25,7,0.0,23.902043672973242,616.5859385728257
555,188,62,38,72,15,5,25,10,0.0,27.435888926586834,678.5557493224919
556,188,62,38,72,15,5,25,15,0.0,29.128899689641077,670.4311729276887
557,188,62,38,72,15,5,25,20,0.0,28.782640148073337,548.1191210302665
558,188,62,38,72,15,5,72,3,0.0,22.836434115104993,65.1928787881548
559,188,62,38,72,15,5,72,5,0.0,35.18109821073138,69.51375935939478
560,188,62,38,72,15,5,72,7,0.0,34.44231588132786,60.335213855968675
561,188,62,38,72,15,5,72,10,0.0,28.613791369781985,56.825008607540774
562,188,62,38,72,15,5,72,15,0.0,28.514777598826008,60.43950893556341
563,188,62,38,72,15,5,72,20,0.0,28.774637166210354,59.68624015761192
564,188,62,38,72,15,15,25,3,0.0,1.308424285173721,0.0
565,188,62,38,72,15,15,25,5,0.0,1.548220582050258,0.0
566,188,62,38,72,15,15,25,7,0.0,1.353756166884796,0.0
567,188,62,38,72,15,15,25,10,0.0,1.2234309828523486,0.0
568,188,62,38,72,15,15,25,15,0.0,1.1341445175534535,0.0
569,188,62,38,72,15,15,25,20,0.0,1.1003569849360129,0.0
570,188,62,38,72,15,15,72,3,0.0,1.8758732216337572,424.4883509815641
571,188,62,38,72,15,15,72,5,0.0,1.2222325715740001,623.7274091670379
572,188,62,38,72,15,15,72,7,0.0,1.0715038847995375,213.44948094201152
573,188,62,38,72,15,15,72,10,0.0,0.8327242057776912,204.28413702229201
574,188,62,38,72,15,15,72,15,0.0,0.8880331869792202,117.21712838154201
575,188,62,38,72,15,15,72,20,0.0,0.8512559121127895,140.04529796334168
576,188,188,12,25,5,5,25,3,3.423006720430775,13.186266989971108,6.234324005785962
577,188,188,12,25,5,5,25,5,4.036689158189519,1.8520165135405975,7.8847777760573905
578,188,188,12,25,5,5,25,7,3.387421861190549,1.8822198554876537,7.247777081817285
579,188,188,12,25,5,5,25,10,2.9617841974347376,1.836648023700156,6.477026380881999
580,188,188,12,25,5,5,25,15,3.1647320381538244,1.9221108220028866,6.35467759994771
581,188,188,12,25,5,5,25,20,3.056630331289598,1.955705117135693,6.144662752510886
582,188,188,12,25,5,5,72,3,2.057229972634913,1.628952545213587,2.1371232551563404
583,188,188,12,25,5,5,72,5,2.843486763977872,2.302840955802331,3.6936608218916915
584,188,188,12,25,5,5,72,7,3.233570544439116,2.5729781019126166,3.8954386028633077
585,188,188,12,25,5,5,72,10,3.0748578897746772,2.0468339577266073,3.623614127509738
586,188,188,12,25,5,5,72,15,3.2189349378304084,2.120138580159431,4.097647820658407
587,188,188,12,25,5,5,72,20,3.4036546162990082,2.219321721389706,4.534534498172487
588,188,188,12,25,5,15,25,3,8.359148935141741,1.4846149779161806,12.146128004745833
589,188,188,12,25,5,15,25,5,3.798091743187698,0.6882121753485279,3.4230547527191124
590,188,188,12,25,5,15,25,7,4.663378121361681,0.7088670696489588,4.241166523829416
591,188,188,12,25,5,15,25,10,4.237269418596142,0.7076658808909445,4.294443314889853
592,188,188,12,25,5,15,25,15,2.95554604197791,0.7329699161351602,2.601549526700818
593,188,188,12,25,5,15,25,20,3.102512774433612,0.7013477078049851,2.8456673502569845
594,188,188,12,25,5,15,72,3,2.129379626566995,0.0,1.6472428734816789
595,188,188,12,25,5,15,72,5,3.6792355760193205,0.576967056248619,2.061902420554292
596,188,188,12,25,5,15,72,7,3.5041819581639007,0.5940093798902961,2.083804507154901
597,188,188,12,25,5,15,72,10,2.970165461090127,0.556833712661562,2.030777969769358
598,188,188,12,25,5,15,72,15,2.9963804379301733,0.597590587228259,1.5984187805405679
599,188,188,12,25,5,15,72,20,2.783232010610997,0.5103267451720331,1.667367106051764
600,188,188,12,25,15,5,25,3,0.0,2.5684412814631883,643.0032426574745
601,188,188,12,25,15,5,25,5,0.6188234896531035,3.873924059398946,18.514846277635854
602,188,188,12,25,15,5,25,7,0.6575805879455319,4.832946489147159,17.134747351926244
603,188,188,12,25,15,5,25,10,0.5324418330006058,4.023128022958441,20.520482662758354
604,188,188,12,25,15,5,25,15,0.6644787143263503,3.7780316363622855,22.222318701079686
605,188,188,12,25,15,5,25,20,0.6986518497656291,3.9482482774433127,22.413958897460947
606,188,188,12,25,15,5,72,3,1.1509442767964528,1.8777894154716992,3.3223016976453446
607,188,188,12,25,15,5,72,5,1.1561180799014659,2.0804065399703866,4.992527118757859
608,188,188,12,25,15,5,72,7,1.1166964864556606,2.0654131239413145,4.292409586027131
609,188,188,12,25,15,5,72,10,1.062056764615648,2.105450721843423,4.391866685885047
610,188,188,12,25,15,5,72,15,1.005450797683967,2.010206887764147,4.483508282488396
611,188,188,12,25,15,5,72,20,1.1686190526433844,2.108367000762949,4.474749950642071
612,188,188,12,25,15,15,25,3,0.7685697974039953,1.2258016928364033,1.8634615034338218
613,188,188,12,25,15,15,25,5,1.60056818710654,0.9248248557288973,1.6238830908622401
614,188,188,12,25,15,15,25,7,2.134961546203571,0.9220212714812185,1.8439096257724428
615,188,188,12,25,15,15,25,10,1.521594644804395,0.875165031668367,1.0210955984082661
616,188,188,12,25,15,15,25,15,1.463082885171651,0.9851500092070244,1.0374757048518248
617,188,188,12,25,15,15,25,20,1.3160751716549166,1.1085828101554622,1.0962126521700863
618,188,188,12,25,15,15,72,3,1.8006548495134738,0.6581414726937707,3.916302249939787
619,188,188,12,25,15,15,72,5,2.2757182341042075,0.7186341925667351,0.4716513974254499
620,188,188,12,25,15,15,72,7,1.8310930211454368,0.7984398689287837,0.4881619970285311
621,188,188,12,25,15,15,72,10,2.1919744123558162,0.8071683250517082,0.48033210316183755
622,188,188,12,25,15,15,72,15,1.9201116006476697,0.662070614595485,0.5016533746999214
623,188,188,12,25,15,15,72,20,1.850544102134231,0.6865469886496582,0.5001021004488218
624,188,188,12,72,5,5,25,3,0.0,11.43739277494535,0.0
625,188,188,12,72,5,5,25,5,0.0,6.406990580755274,0.0
626,188,188,12,72,5,5,25,7,0.2581988897471611,4.943049154090928,324.69759735172033
627,188,188,12,72,5,5,25,10,0.19999999999999993,3.893213918849956,419.31612903225823
628,188,188,12,72,5,5,25,15,0.21434180268198577,3.9342427612891613,236.489104826415
629,188,188,12,72,5,5,25,20,0.21386078207218634,3.9058176923031116,263.2521604600967
630,188,188,12,72,5,5,72,3,0.0,4.366126780461496,117.95021389041477
631,188,188,12,72,5,5,72,5,0.0,5.823280366146553,86.4719742014076
632,188,188,12,72,5,5,72,7,0.25819888974716115,5.4948675324841245,52.60198028256813
633,188,188,12,72,5,5,72,10,0.2828427124746191,4.131140007812579,49.07618479766796
634,188,188,12,72,5,5,72,15,0.22190634114964863,3.915189187650619,56.603961050960734
635,188,188,12,72,5,5,72,20,0.18044585448761627,3.844721103013475,61.66428021876876
636,188,188,12,72,5,15,25,3,0.0,0.0,0.0
637,188,188,12,72,5,15,25,5,0.0,0.0,0.0
638,188,188,12,72,5,15,25,7,0.0,0.0,0.0
639,188,188,12,72,5,15,25,10,0.0,0.0,0.0
640,188,188,12,72,5,15,25,15,0.0,0.0,0.0
641,188,188,12,72,5,15,25,20,0.0,0.0,0.0
642,188,188,12,72,5,15,72,3,0.0,0.0,5.153343523083017
643,188,188,12,72,5,15,72,5,0.0,0.0,6.969976658229137
644,188,188,12,72,5,15,72,7,0.2581988897471611,0.2581988897471612,6.658927581675912
645,188,188,12,72,5,15,72,10,0.19999999999999993,0.19999999999999996,7.07980168955627
646,188,188,12,72,5,15,72,15,0.15811388300841903,0.15811388300841892,7.575243084691151
647,188,188,12,72,5,15,72,20,0.13242370650410726,0.12909944487358074,8.091341592294828
648,188,188,12,72,15,5,25,3,0.0,13.181857434517417,0.0
649,188,188,12,72,15,5,25,5,0.0,8.68402394043228,0.0
650,188,188,12,72,15,5,25,7,0.0,8.168503136968043,0.0
651,188,188,12,72,15,5,25,10,0.0,7.162692387119359,0.0
652,188,188,12,72,15,5,25,15,0.0,7.086815302288427,0.0
653,188,188,12,72,15,5,25,20,0.0,7.673083921135654,0.0
654,188,188,12,72,15,5,72,3,0.0,24.50527680042183,72.15909862194509
655,188,188,12,72,15,5,72,5,0.0,12.893094166563145,87.4469577803441
656,188,188,12,72,15,5,72,7,0.0,8.780747403328158,92.72614542605773
657,188,188,12,72,15,5,72,10,0.0,9.603028130567258,97.90918460041823
658,188,188,12,72,15,5,72,15,0.0,9.692791482970705,98.4759150147696
659,188,188,12,72,15,5,72,20,0.0,9.344878793042577,104.05763679521777
660,188,188,12,72,15,15,25,3,0.0,0.0,0.0
661,188,188,12,72,15,15,25,5,0.0,0.0,0.0
662,188,188,12,72,15,15,25,7,0.0,0.0,0.0
663,188,188,12,72,15,15,25,10,0.0,0.0,0.0
664,188,188,12,72,15,15,25,15,0.0,0.2143418026819858,0.0
665,188,188,12,72,15,15,25,20,0.0,0.21386078207218634,0.0
666,188,188,12,72,15,15,72,3,0.0,0.0,8.872580148751881
667,188,188,12,72,15,15,72,5,0.0,0.0,12.480958765918395
668,188,188,12,72,15,15,72,7,0.0,0.0,11.901116611537583
669,188,188,12,72,15,15,72,10,0.0,0.0,10.45729408631205
670,188,188,12,72,15,15,72,15,0.0,0.0,9.426073187583077
671,188,188,12,72,15,15,72,20,0.0,0.16413603891103987,9.295191797002769
672,188,188,38,25,5,5,25,3,8.251238521386949,2.3084065739878805,15.21557278467169
673,188,188,38,25,5,5,25,5,3.4780047995885672,2.8664328868086106,6.067015110985116
674,188,188,38,25,5,5,25,7,2.702892098596315,3.0669713287399887,5.27374524270914
675,188,188,38,25,5,5,25,10,3.0022954977744383,2.1747099040914697,6.264183099656614
676,188,188,38,25,5,5,25,15,3.2608358972637195,2.170115208638489,7.236100361325346
677,188,188,38,25,5,5,25,20,3.1853718166296794,2.3412117806690294,6.8887639662105205
678,188,188,38,25,5,5,72,3,3.1653519199324855,2.2731992248418993,5.4826307907529825
679,188,188,38,25,5,5,72,5,3.371626359685617,2.871077245764771,4.555348546908737
680,188,188,38,25,5,5,72,7,2.764381464895819,3.272702223990448,3.917622627277326
681,188,188,38,25,5,5,72,10,3.2552376590609096,3.1581041182363863,4.4328864650114985
682,188,188,38,25,5,5,72,15,3.5947311085402314,3.0412730913012633,5.150943899157349
683,188,188,38,25,5,5,72,20,3.3927682709640243,2.664885623627505,4.849021398557172
684,188,188,38,25,5,15,25,3,3.754532264570104,0.9410554289629959,5.893269712950381
685,188,188,38,25,5,15,25,5,5.603177435877504,0.6168193033088437,7.882953158458642
686,188,188,38,25,5,15,25,7,3.117541194557191,0.5871831815624229,3.3781750728417337
687,188,188,38,25,5,15,25,10,2.881493900198415,0.5153170568799033,2.8175557449630544
688,188,188,38,25,5,15,25,15,2.4974126909675176,0.554183649050412,2.8801550565494938
689,188,188,38,25,5,15,25,20,2.605939421563072,0.5719688452377616,3.023426974207273
690,188,188,38,25,5,15,72,3,3.255697792435577,1.204092267105086,1.6629606002936415
691,188,188,38,25,5,15,72,5,3.4846776806643276,1.1138855479752297,1.7505927327924642
692,188,188,38,25,5,15,72,7,2.8445059865177442,0.8409912776648392,1.4535061914136074
693,188,188,38,25,5,15,72,10,3.1004321651984377,0.6642443164125142,1.7341858180186311
694,188,188,38,25,5,15,72,15,3.0869174232073213,0.6583073347827382,1.8534844637607046
695,188,188,38,25,5,15,72,20,3.230909647924071,0.6202032326936028,2.0120906268298406
696,188,188,38,25,15,5,25,3,0.5773502691896256,3.290482997677051,114.93711512790397
697,188,188,38,25,15,5,25,5,0.35355339059327373,4.62727551369267,188.2807786982488
698,188,188,38,25,15,5,25,7,0.2581988897471611,3.4301089935075706,258.0399981227014
699,188,188,38,25,15,5,25,10,0.1999999999999999,3.687815738580057,333.26153846153846
700,188,188,38,25,15,5,25,15,0.15811388300841903,3.0889191463175507,421.641075557913
701,188,188,38,25,15,5,25,20,0.1290994448735804,3.363174740885099,514.7979311732024
702,188,188,38,25,15,5,72,3,0.0,22.57498696854633,70.09095627089563
703,188,188,38,25,15,5,72,5,0.0,4.93782808713426,93.21298828591539
704,188,188,38,25,15,5,72,7,0.0,4.868642706747553,70.64965549226766
705,188,188,38,25,15,5,72,10,0.0,5.172668644809339,72.54424161603629
706,188,188,38,25,15,5,72,15,0.276764930031354,4.734830949972823,46.00374122349107
707,188,188,38,25,15,5,72,20,0.28047757481513635,4.743032945922499,48.26181676764595
708,188,188,38,25,15,15,25,3,0.636301461784761,0.5773502691896258,1.2982654517296468
709,188,188,38,25,15,15,25,5,1.2428918801507678,0.8954105173352683,0.7569759934277351
710,188,188,38,25,15,15,25,7,1.4498922115693558,0.8407049698020005,0.7194029385983177
711,188,188,38,25,15,15,25,10,1.3343380874288515,0.6789596601562419,0.6952358037515518
712,188,188,38,25,15,15,25,15,1.4486601537844284,0.6279236009007849,0.6863748972119054
713,188,188,38,25,15,15,25,20,1.300825983306382,0.6025489056627261,0.7734712268715708
714,188,188,38,25,15,15,72,3,2.556286368612337,1.076009231954399,0.8565742570058041
715,188,188,38,25,15,15,72,5,2.4292134120073703,0.7210454969393506,0.861305985186741
716,188,188,38,25,15,15,72,7,2.5724130015252955,0.5345185898764043,0.7027608516871094
717,188,188,38,25,15,15,72,10,2.059815879192732,0.7797682826353076,0.5386603758481121
718,188,188,38,25,15,15,72,15,2.050285486202695,0.6899188196034466,0.46813305442535025
719,188,188,38,25,15,15,72,20,1.7933862199491677,0.7307265229474768,0.5300784711401285
720,188,188,38,72,5,5,25,3,0.0,6.786479669630367,408.97393613868763
721,188,188,38,72,5,5,25,5,0.0,7.1384414245382715,668.4408967425741
722,188,188,38,72,5,5,25,7,0.0,7.8809211770419125,798.5222223724534
723,188,188,38,72,5,5,25,10,0.0,4.884197450660416,1016.5309200016543
724,188,188,38,72,5,5,25,15,0.21434180268198577,4.767853133229486,186.06929644911125
725,188,188,38,72,5,5,25,20,0.17439143079297373,4.181989374537318,226.6023330632653
726,188,188,38,72,5,5,72,3,0.5773502691896256,2.8532639512847635,23.797394548134058
727,188,188,38,72,5,5,72,5,0.35355339059327373,4.686393553126783,39.464998357300836
728,188,188,38,72,5,5,72,7,0.35675303400633784,5.2406278480706785,51.10264342866578
729,188,188,38,72,5,5,72,10,0.27291529568840517,4.971455324458621,54.65319315021535
730,188,188,38,72,5,5,72,15,0.2143418026819857,5.63485488190326,65.94584089579159
731,188,188,38,72,5,5,72,20,0.2505313502274887,5.306774004011431,68.70012609546853
732,188,188,38,72,5,15,25,3,0.0,0.0,0.0
733,188,188,38,72,5,15,25,5,0.0,0.0,0.0
734,188,188,38,72,5,15,25,7,0.0,0.0,0.0
735,188,188,38,72,5,15,25,10,0.0,0.0,0.0
736,188,188,38,72,5,15,25,15,0.0,0.0,0.0
737,188,188,38,72,5,15,25,20,0.0,0.0,0.0
738,188,188,38,72,5,15,72,3,0.0,0.0,5.996289993473566
739,188,188,38,72,5,15,72,5,0.35355339059327373,0.0,9.04049435547761
740,188,188,38,72,5,15,72,7,0.2581988897471611,0.0,7.760642241047738
741,188,188,38,72,5,15,72,10,0.1999999999999999,0.0,8.519267477948164
742,188,188,38,72,5,15,72,15,0.15811388300841903,0.0,8.233163407607805
743,188,188,38,72,5,15,72,20,0.13704572299739892,0.0,8.043373456519928
744,188,188,38,72,15,5,25,3,0.0,15.953611873025915,0.0
745,188,188,38,72,15,5,25,5,0.0,8.563909333878094,0.0
746,188,188,38,72,15,5,25,7,0.0,6.300098752641193,0.0
747,188,188,38,72,15,5,25,10,0.0,6.8465087742180994,0.0
748,188,188,38,72,15,5,25,15,0.0,7.004940654954901,0.0
749,188,188,38,72,15,5,25,20,0.0,7.0849953073984295,0.0
750,188,188,38,72,15,5,72,3,0.0,11.532111936660323,270.19267629080474
751,188,188,38,72,15,5,72,5,0.0,5.835024519173761,211.96763953780845
752,188,188,38,72,15,5,72,7,0.0,6.2516953457618785,136.8700563833331
753,188,188,38,72,15,5,72,10,0.0,7.634285882402889,135.203019777911
754,188,188,38,72,15,5,72,15,0.0,7.2423696821613435,104.34763834139916
755,188,188,38,72,15,5,72,20,0.0,7.0614641877906115,98.87900041638723
756,188,188,38,72,15,15,25,3,0.0,0.0,0.0
757,188,188,38,72,15,15,25,5,0.0,0.0,0.0
758,188,188,38,72,15,15,25,7,0.0,0.464243070490802,0.0
759,188,188,38,72,15,15,25,10,0.0,0.41195523175547993,0.0
760,188,188,38,72,15,15,25,15,0.0,0.3178474119991081,0.0
761,188,188,38,72,15,15,25,20,0.0,0.2562404334846546,0.0
762,188,188,38,72,15,15,72,3,0.0,0.0,123.90610123147687
763,188,188,38,72,15,15,72,5,0.0,0.4902903378454601,9.967141366981558
764,188,188,38,72,15,15,72,7,0.0,0.34815531191139576,11.077699660299979
765,188,188,38,72,15,15,72,10,0.0,0.2666666666666669,11.558996860556707
766,188,188,38,72,15,15,72,15,0.0,0.2662338301991088,13.269316828229034
767,188,188,38,72,15,15,72,20,0.0,0.2662059251781603,13.942401940319462
