comb_number,ticks,mean_sheep,min_sheep,max_sheep,mean_wolves,min_wolves,max_wolves,mean_grass,min_grass,max_grass
0,1,128.65,4,277,134.57166666666666,0,296,1318.0633333333333,1137,2503
0,2,132.83,4,314,145.94333333333333,0,353,1305.3766666666668,1051,2397
0,3,138.27666666666667,4,359,159.80333333333334,0,405,1295.4116666666666,962,2406
0,4,144.55333333333334,4,412,174.89333333333335,0,472,1285.1433333333334,874,2386
0,5,151.14,5,464,191.45666666666668,0,553,1273.9866666666667,759,2377
0,6,157.94666666666666,2,507,208.63666666666666,0,652,1258.255,670,2380
0,7,165.165,0,558,226.89833333333334,0,766,1239.215,577,2370
0,8,172.735,0,631,244.84166666666667,0,892,1222.1833333333334,506,2363
0,9,180.65333333333334,0,717,262.87166666666667,0,1031,1202.365,433,2363
0,10,188.3,0,844,280.58666666666664,0,1157,1185.515,358,2365
0,11,196.55666666666667,0,1013,298.9216666666667,0,1335,1171.1516666666666,304,2379
0,12,205.065,0,1178,317.49,0,1501,1155.1666666666667,248,2397
0,13,214.06,0,1390,335.32,0,1678,1142.3016666666667,191,2416
0,14,223.635,0,1617,353.75,0,1858,1130.75,159,2427
0,15,233.725,0,1913,372.6766666666667,0,2027,1120.1766666666667,128,2469
0,16,244.95833333333334,0,2250,392.4483333333333,0,2246,1110.9083333333333,110,2477
0,17,256.93,0,2627,412.58,0,2463,1102.5116666666668,84,2487
0,18,270.4166666666667,0,3077,432.25333333333333,0,2692,1097.6533333333334,76,2519
0,19,285.26666666666665,0,3615,452.8383333333333,0,2891,1093.8833333333334,59,2538
0,20,301.1066666666667,0,4196,473.505,0,3170,1090.6366666666668,64,2551
0,21,317.46166666666664,0,4829,494.15,0,3366,1088.69,52,2569
0,22,335.5466666666667,0,5539,513.6666666666666,0,3616,1088.4466666666667,43,2584
0,23,356.02166666666665,0,6389,531.725,0,3839,1088.8883333333333,37,2594
0,24,377.86,0,7224,548.795,0,4081,1089.865,34,2597
0,25,401.8983333333333,0,8121,565.8233333333334,0,4235,1091.235,31,2600
0,26,426.555,0,9091,580.1133333333333,0,4372,1094.2383333333332,23,2601
0,27,451.67,0,10115,593.535,0,4462,1098.015,26,2601
0,28,478.19166666666666,0,11082,605.6633333333333,0,4594,1101.3383333333334,27,2601
0,29,502.63166666666666,0,12034,613.8566666666667,0,4527,1106.285,25,2601
0,30,527.115,0,12971,620.2566666666667,0,4428,1112.4583333333333,20,2601
0,31,552.205,0,13910,623.885,0,4416,1119.255,24,2601
0,32,573.07,0,14747,626.1116666666667,0,4263,1126.3333333333333,25,2601
0,33,592.78,0,15575,626.5416666666666,0,3996,1133.57,24,2601
0,34,608.8416666666667,0,16116,623.7983333333333,0,3790,1142.6716666666666,22,2601
0,35,623.6433333333333,0,16666,619.24,0,3578,1151.1666666666667,21,2601
0,36,636.1983333333334,0,17147,613.6383333333333,0,3349,1160.2233333333334,18,2601
0,37,644.655,0,17392,606.3516666666667,0,3155,1170.9233333333334,19,2601
0,38,651.155,0,17506,597.7066666666667,0,2938,1181.2016666666666,24,2601
0,39,655.7683333333333,0,17643,587.805,0,2668,1189.92,26,2601
0,40,657.5883333333334,0,17737,577.6883333333334,0,2528,1199.6016666666667,23,2601
0,41,657.3433333333334,0,17649,566.9616666666667,0,2557,1209.8216666666667,20,2601
0,42,655.0283333333333,0,17578,555.2666666666667,0,2555,1218.525,22,2601
0,43,650.5116666666667,0,17488,543.145,0,2568,1228.0133333333333,24,2601
0,44,643.155,0,17185,531.435,0,2673,1238.5483333333334,22,2601
0,45,636.1733333333333,0,17081,519.4133333333333,0,2608,1247.73,20,2601
0,46,628.5616666666666,0,16863,506.9583333333333,0,2588,1257.9383333333333,19,2601
0,47,620.5333333333333,0,16620,495.475,0,2573,1267.3666666666666,18,2601
0,48,611.65,0,16233,483.99666666666667,0,2654,1276.8466666666666,17,2601
0,49,601.7216666666667,0,15879,472.78333333333336,0,2788,1285.45,21,2601
0,50,591.6533333333333,0,15389,460.9916666666667,0,2913,1295.02,22,2601
0,51,580.8483333333334,0,14887,450.26166666666666,0,2989,1304.31,22,2601
0,52,570.245,0,14427,440.555,0,3051,1312.48,25,2601
0,53,558.7916666666666,0,14171,430.42833333333334,0,3093,1322.0416666666667,23,2601
0,54,548.3383333333334,0,13983,420.5883333333333,0,3147,1331.0733333333333,23,2601
0,55,537.305,0,13651,411.1983333333333,0,3186,1340.3383333333334,30,2601
0,56,211.7459677419355,0,13301,162.09475806451613,0,3296,1629.8212365591398,28,2601
0,57,296.31508165225745,0,13039,226.90009606147936,0,3421,1636.133525456292,29,2601
0,58,156.70566822672907,0,12568,120.30837233489339,0,3524,1748.0676027041081,24,2601
0,59,199.02439024390245,0,12130,153.4918699186992,0,3583,1576.4437669376694,27,2601
0,60,121.61011904761905,0,11762,94.34948979591837,0,3580,1579.9451530612246,27,2601
0,61,473.96938775510205,0,11383,370.6462585034014,0,3545,1380.1207482993198,30,2601
0,62,142.51945320715038,0,10889,112.36067297581494,0,3552,1726.072029442692,34,2601
0,63,450.7692307692308,0,10492,358.8290598290598,0,3516,1391.4444444444443,35,2601
0,64,175.6602608098833,0,9979,141.32258064516128,0,3531,1733.0459849004803,33,2601
0,65,171.06675843083275,0,9601,139.16242257398486,0,3516,1950.6015141087405,35,2601
0,66,237.00098522167488,0,9182,195.8206896551724,0,3479,1479.0374384236454,31,2601
0,67,160.88243430152144,0,8659,135.4536652835408,0,3454,1799.5608575380359,33,2601
0,68,120.10298826040555,0,8178,102.71771611526147,0,3301,1764.9119530416222,30,2601
0,69,378.41391304347826,0,7658,329.26608695652175,0,3229,1415.3930434782608,31,2601
0,70,208.79402985074626,0,7103,185.3542288557214,0,3092,1880.0089552238805,28,2601
0,71,202.40079760717848,0,6576,183.14157527417746,0,3037,1537.9371884346958,25,2601
0,72,105.74798061389338,0,5924,97.70166935918148,0,2978,2010.373182552504,20,2601
0,73,102.86169638033495,0,5377,96.94273365748244,0,2916,2101.4700162074555,23,2601
0,74,186.41389728096678,0,4725,179.1510574018127,0,2876,1916.47029204431,22,2601
0,75,58.040757381258025,0,4164,56.56322207958922,0,3005,2263.3713093709885,23,2601
0,76,40.520338208409505,0,3546,40.021252285191956,0,3188,2389.3535191956125,21,2601
0,77,65.4152288072018,0,2931,65.31882970742686,0,3415,2280.072018004501,21,2601
0,78,178.15702479338842,0,2963,178.9214876033058,0,3653,1936.2086776859503,21,2601
0,79,76.7218483624944,0,2981,77.53117990130103,0,3914,2315.1413189771197,21,2601
0,80,43.640604973083825,0,2978,44.32786465008972,0,4216,2350.496795693412,16,2601
0,81,64.63356164383562,0,3011,65.75494672754947,0,4517,2258.3230593607304,22,2601
0,82,55.778985507246375,0,3056,57.06719367588933,0,4831,2294.5780632411065,21,2601
0,83,49.12845103167684,0,3094,50.65417029933159,0,5176,2422.7660563789595,22,2601
0,84,95.92796369824164,0,3100,99.50652297220647,0,5516,2088.349971639251,23,2601
0,85,77.97099447513813,0,3126,81.64318600368324,0,5895,2205.3987108655615,19,2601
0,86,56.52172459893048,0,3137,59.835895721925134,0,6248,2326.3870320855617,26,2601
0,87,56.698657718120806,0,3126,60.79295302013423,0,6621,2318.5416107382553,13,2601
0,88,97.44803695150115,0,3135,105.80080831408776,0,7026,2188.5363741339493,11,2601
0,89,65.99372056514913,0,3138,73.14010989010988,0,7422,2188.0953689167973,7,2601
0,90,78.75140977443608,0,3155,89.08787593984962,0,7843,2287.1033834586465,6,2601
0,91,78.57877358490566,0,3175,91.17924528301887,0,8270,2319.3,8,2601
0,92,49.725419664268586,0,3199,59.197841726618705,0,8718,2426.130395683453,7,2601
0,93,56.50977701543739,0,3249,69.23979416809605,0,9200,2367.608576329331,7,2601
0,94,78.08273553323768,0,3240,98.82783357245337,0,9679,2185.8962219033956,6,2601
0,95,96.78903456495829,0,3205,126.0947556615018,0,10127,2218.0929678188318,9,2601
0,96,96.18959330143541,0,3190,129.61004784688996,0,10612,2275.994019138756,11,2601
0,97,95.6968787515006,0,3156,133.47599039615847,0,11064,2234.311524609844,13,2601
0,98,95.18012048192772,0,3102,137.7933734939759,0,11523,2238.927108433735,12,2601
0,99,94.33071342200725,0,3109,142.1142684401451,0,11966,2269.8482466747278,11,2601
0,100,182.26061320754718,0,3069,284.67806603773585,0,12409,1969.8667452830189,12,2601
0,101,180.7387706855792,0,3012,292.39598108747043,0,12880,1969.9574468085107,12,2601
0,102,179.3234597156398,0,3032,299.90876777251185,0,13313,1969.702606635071,11,2601
0,103,73.67879980324643,0,2976,127.64190850959174,0,13671,2295.5002459419575,18,2601
0,104,61.3696819496076,0,2952,109.7240809582817,0,14013,2361.061131763734,17,2601
0,105,91.04750154225786,0,2919,167.54966070326958,0,14359,2262.818630475015,19,2601
0,106,90.81671826625387,0,2876,172.08792569659443,0,14677,2271.708359133127,19,2601
0,107,120.00575657894737,0,2872,233.95394736842104,0,14991,2155.5238486842104,21,2601
0,108,90.68952618453865,0,2876,181.09600997506234,0,15199,2248.043017456359,22,2601
0,109,178.03308823529412,0,2849,363.06985294117646,0,15382,1934.7928921568628,22,2601
0,110,178.497542997543,0,2813,371.28746928746926,0,15552,1943.8230958230959,24,2601
0,111,179.1600985221675,0,2937,379.33004926108373,0,15784,1940.493842364532,31,2601
0,112,345.60663507109007,0,3131,742.5497630331754,0,15902,1327.0758293838862,33,2601
0,113,92.5426405559065,0,3376,201.2135186355022,0,15999,2257.6512950094757,41,2601
0,114,350.64677804295945,0,3425,770.7899761336515,0,16060,1312.2171837708831,51,2601
0,115,124.34903280067283,0,3483,274.62910008410427,0,16103,2146.0571909167365,50,2601
0,116,185.6641697877653,0,3543,412.0736579275905,0,16119,1925.111111111111,47,2601
0,117,359.9735576923077,0,3525,801.6514423076923,0,16215,1298.7283653846155,47,2601
0,118,96.63508322663252,0,3547,215.45582586427656,0,16232,2253.6933418693984,39,2601
0,119,191.7846347607053,0,3563,426.7821158690176,0,16250,1917.2254408060453,34,2601
0,120,194.40404040404042,0,3493,430.1111111111111,0,16171,1915.003787878788,24,2601
0,121,377.16058394160586,0,3379,832.3430656934306,0,16117,1278.3333333333333,17,2601
0,122,133.8680377035133,0,3186,294.37103684661525,0,16133,2135.1311053984577,12,2601
0,123,135.45657781599311,0,3074,296.1969045571797,0,16171,2133.547721410146,11,2601
0,124,390.3120393120393,0,2917,846.6805896805897,0,16213,1265.6879606879606,10,2601
0,125,205.0843989769821,0,2712,440.18158567774935,0,16184,1906.2314578005114,7,2601
0,126,105.92473821989529,0,2927,225.07002617801047,0,16097,2245.7578534031413,5,2601
0,127,210.52061855670104,0,3241,442.1056701030928,0,16077,1902.1894329896907,11,2601
0,128,212.65116279069767,0,3578,441.95219638242895,0,15988,1900.9793281653747,9,2601
0,129,413.9850374064838,0,3903,850.4014962593516,0,15864,1251.216957605985,8,2601
0,130,417.15960099750623,0,4323,846.1770573566084,0,15839,1253.1596009975062,7,2601
0,131,219.05844155844156,0,4802,438.50519480519483,0,15673,1492.625974025974,7,2601
0,132,424.67,0,5268,839.9075,0,15694,1256.53,6,2601
0,133,429.2525,0,5781,834.15,0,15548,1259.0725,8,2601
0,134,226.2036553524804,0,6347,432.59007832898175,0,15444,1901.4973890339425,7,2601
0,135,228.82722513089004,0,6958,430.598167539267,0,15310,1538.3206806282722,5,2601
0,136,443.61306532663315,0,7612,819.1758793969849,0,15048,1261.3140703517588,4,2601
0,137,234.44809461235218,0,8281,425.7792378449409,0,14908,1901.910643889619,4,2601
0,138,160.4772524531668,0,8967,286.85905441570026,0,14666,1932.206958073149,5,2601
0,139,240.6626984126984,0,9654,421.52645502645504,0,14402,1901.2830687830688,4,2601
0,140,467.48223350253807,0,10405,799.8324873096446,0,14230,1261.763959390863,3,2601
0,141,247.49003984063745,0,11043,414.48605577689244,0,13998,1901.8180610889774,1,2601
0,142,251.1757656458056,0,11722,410.7896138482024,0,13715,1462.577896138482,2,2601
0,143,486.73214285714283,0,12463,777.4821428571429,0,13470,1267.390306122449,1,2601
0,144,492.03316326530614,0,13149,765.6326530612245,0,13129,1271.8852040816328,1,2601
0,145,260.97054886211515,0,13847,395.7871485943775,0,12966,1905.231593038822,1,2601
0,146,502.9616368286445,0,14627,744.4884910485933,0,12743,1275.544757033248,2,2601
0,147,266.68817204301075,0,15238,384.2069892473118,0,12599,1906.2809139784947,2,2601
0,148,269.2412398921833,0,15890,377.9299191374663,0,12311,1577.8180592991914,0,2601
0,149,516.5655526992288,0,16458,706.758354755784,0,12098,1280.2750642673523,2,2601
0,150,272.50338294993236,0,16892,364.39648173207036,0,11666,1906.959404600812,2,2601
0,151,185.99447513812154,0,17429,242.2633517495396,0,11432,2129.6399631675877,1,2601
0,152,275.47956403269757,0,17846,349.2697547683924,0,11125,1904.9659400544958,1,2601
0,153,276.17622950819674,0,18254,341.18169398907105,0,10779,1625.1598360655737,3,2601
0,154,276.61506849315066,0,18784,333.4657534246575,0,10467,1904.2561643835616,4,2601
0,155,276.79945054945057,0,19198,325.6195054945055,0,10162,1903.5137362637363,7,2601
0,156,141.98231966053748,0,19528,162.97595473833098,0,9737,2151.420792079208,6,2601
0,157,277.05540166204986,0,19722,310.93905817174516,0,9390,1824.6371191135734,6,2601
0,158,141.49287749287748,0,19905,155.85470085470087,0,9099,2165.091168091168,8,2601
0,159,275.60474860335194,0,20072,298.32402234636874,0,8836,1896.1941340782123,10,2601
0,160,524.072192513369,0,20139,557.8903743315508,0,8610,1252.8957219251338,13,2601
0,161,139.82890007189073,0,20249,146.431344356578,0,8372,2238.960460100647,19,2601
0,162,271.8547249647391,0,20257,280.87165021156557,0,8097,1843.308885754584,22,2601
0,163,270.9504950495049,0,20274,275.6987270155587,0,8459,1828.5261669024046,23,2601
0,164,182.6839577329491,0,20222,183.3554274735831,0,9102,1481.4649375600384,24,2601
0,165,268.85042735042737,0,19995,266.64102564102564,0,9628,1889.9287749287748,23,2601
0,166,267.9114285714286,0,19802,262.6485714285714,0,10180,1888.9685714285715,18,2601
0,167,267.1604584527221,0,19639,258.8051575931232,0,10771,1887.9498567335243,14,2601
0,168,510.1043956043956,0,19361,487.5741758241758,0,11265,1235.7967032967033,9,2601
0,169,266.53669064748203,0,19175,251.25035971223022,0,11681,1887.2273381294965,8,2601
0,170,266.61038961038963,0,18925,248.5007215007215,0,12101,1886.5079365079366,9,2601
0,171,136.84877687175685,0,18716,125.89473684210526,0,12345,2234.8139362490733,7,2601
0,172,268.5036390101892,0,18690,244.39446870451238,0,12671,1883.4308588064046,5,2601
0,173,515.4329608938548,0,18492,464.16759776536315,0,12757,1227.5949720670392,6,2601
0,174,270.0102339181287,0,18141,240.19444444444446,0,12892,1184.812865497076,8,2601
0,175,270.99706744868035,0,17856,238.7624633431085,0,13006,1886.3299120234603,8,2601
0,176,272.4485294117647,0,17640,237.56029411764706,0,13049,1886.7426470588234,9,2601
0,177,185.41758241758242,0,17542,160.15084915084915,0,13247,1576.03996003996,6,2601
0,178,141.24943138741472,0,17413,120.6398786959818,0,14451,1746.2244124336619,3,2601
0,179,278.7660208643815,0,17173,235.2160953800298,0,15578,1890.9538002980626,7,2601
0,180,143.4392666157372,0,17767,119.77540106951872,0,16757,2238.7012987012986,5,2601
0,181,116.17755856966708,0,18238,95.75339087546239,0,17684,2051.9882860665844,9,2601
0,182,552.7251461988304,0,18615,449.0643274853801,0,18663,1231.8859649122808,9,2601
0,183,146.73472544470224,0,19006,117.55452436194895,0,19637,2240.724671307038,10,2601
0,184,291.14961832061067,0,19346,229.83053435114505,0,20525,1893.6335877862596,6,2601
0,185,119.91301627033792,0,19640,93.1964956195244,0,21356,2004.0894868585733,1,2601
0,186,296.52932098765433,0,19910,227.54320987654322,0,22289,1111.4876543209878,2,2601
0,187,151.64465408805032,0,20061,114.35534591194968,0,22879,2245.1745283018868,3,2601
0,188,302.4080996884735,0,20359,223.95794392523365,0,23539,1899.7133956386292,4,2601
0,189,305.059375,0,20361,221.3875,0,23880,1900.41875,3,2601
0,190,307.6363636363636,0,20245,218.80877742946709,0,24507,1520.844827586207,4,2601
0,191,209.02751322751323,0,20321,145.24867724867724,0,24682,1847.3460317460317,2,2601
0,192,159.23538831064852,0,20367,107.65572457966373,0,24576,2246.716573258607,4,2601
0,193,318.4864864864865,0,20318,209.06836248012718,0,24465,1898.154213036566,1,2601
0,194,322.46251993620416,0,20251,205.10207336523126,0,24144,1480.6204146730463,2,2601
0,195,638.265625,0,20133,392.60625,0,23887,1220.621875,6,2601
0,196,329.7548076923077,0,19922,196.45673076923077,0,23519,1891.8125,6,2601
0,197,334.60932475884243,0,19910,192.37620578778134,0,23021,1888.16077170418,6,2601
0,198,337.96290322580643,0,19739,188.23709677419356,0,22409,1883.9370967741936,3,2601
0,199,342.1197411003236,0,19613,184.289644012945,0,22072,1879.0355987055016,4,2601
0,200,140.86279683377307,0,19267,72.97625329815304,0,21289,2305.736147757256,10,2601
0,201,691.5576923076923,0,19044,343.9455128205128,0,20593,1160.6858974358975,10,2601
0,202,698.400641025641,0,18863,333.97435897435895,0,19862,1155.2115384615386,15,2601
0,203,361.6256157635468,0,18703,165.8768472906404,0,19010,1691.607553366174,15,2601
0,204,366.6144975288303,0,18480,160.8797364085667,0,18087,1852.9785831960462,18,2601
0,205,371.1487603305785,0,18244,156.80330578512397,0,17299,1847.7685950413222,16,2601
0,206,252.5685618729097,0,18167,102.63322185061315,0,16542,2091.382385730212,21,2601
0,207,255.56886898096303,0,17905,99.77715565509519,0,15521,2056.4591265397535,27,2601
0,208,385.19430485762143,0,17627,144.60134003350083,0,14717,1831.2964824120604,24,2601
0,209,761.8848684210526,0,17493,275.2368421052632,0,13942,1085.6611842105262,25,2601
0,210,263.7522624434389,0,17302,91.78619909502262,0,13101,2079.044117647059,17,2601
0,211,200.19674935842602,0,17066,67.38836612489307,0,12381,2205.45252352438,13,2601
0,212,268.72457142857144,0,16855,87.15085714285715,0,11576,2071.7085714285713,13,2601
0,213,793.5488215488216,0,16576,248.7171717171717,0,10785,1039.2626262626263,13,2601
0,214,794.9023569023569,0,16454,241.92592592592592,0,10075,1038.9562289562289,12,2601
0,215,795.5016835016835,0,16207,235.15824915824916,0,9406,1037.7441077441079,4,2601
0,216,273.3306358381503,0,16076,78.37456647398844,0,8790,2063.73063583815,7,2601
0,217,408.8217993079585,0,16013,113.5674740484429,0,8077,1796.6678200692043,5,2601
0,218,409.453125,0,15941,110.80208333333333,0,7468,1793.8489583333333,3,2601
0,219,802.7679180887372,0,15689,211.4368600682594,0,6878,1014.0648464163822,2,2601
0,220,409.90226876090753,0,15457,105.28621291448516,0,6297,1789.4310645724258,3,2601
0,221,409.12259194395796,0,15302,102.80385288966725,0,5818,1786.6952714535903,3,2601
0,222,206.84266666666667,0,15324,50.760888888888886,0,5283,2187.6764444444443,2,2601
0,223,275.49762470308787,0,15169,66.11401425178147,0,4846,2048.61757719715,1,2601
0,224,276.3687350835322,0,15084,64.80787589498807,0,4449,2045.8937947494032,4,2601
0,225,413.61001788908766,0,15041,94.81037567084078,0,4073,1769.0161001788908,4,2601
0,226,814.190812720848,0,14983,183.35689045936397,0,3791,956.4805653710247,3,2601
0,227,810.9081272084806,0,14896,179.64310954063603,0,3495,955.6148409893993,3,2601
0,228,808.1201413427561,0,14817,175.7173144876325,0,3172,954.3851590106007,1,2601
0,229,411.85018050541515,0,14625,88.2202166064982,0,2915,1758.9458483754513,0,2601
0,230,808.3652482269504,0,14572,169.68794326241135,0,2678,946.081560283688,1,2601
0,231,806.8723404255319,0,14492,167.2872340425532,0,2456,943.8404255319149,4,2601
0,232,806.6950354609929,0,14462,164.38652482269504,0,2309,942.4716312056737,3,2601
0,233,804.7411347517731,0,14360,161.68794326241135,0,2110,940.7092198581561,2,2601
0,234,804.5106382978723,0,14428,159.2127659574468,0,1969,939.1524822695036,0,2601
0,235,804.468085106383,0,14284,156.2836879432624,0,1914,936.5709219858156,2,2601
0,236,416.23809523809524,0,14370,79.47802197802197,0,1854,1740.5274725274726,1,2601
0,237,419.19117647058823,0,14450,78.57352941176471,0,1807,1736.5183823529412,1,2601
0,238,815.1285714285714,0,14438,150.4607142857143,0,1788,918.8392857142857,2,2601
0,239,816.8714285714286,0,14602,148.18214285714285,0,1758,917.1214285714286,0,2601
0,240,423.98333333333335,0,14538,75.63148148148149,0,1713,1726.6814814814816,2,2601
0,241,823.2114695340501,0,14341,144.48387096774192,0,1680,907.0430107526881,0,2601
0,242,825.0609318996416,0,14311,142.56989247311827,0,1640,905.4086021505376,0,2601
0,243,826.652329749104,0,14252,140.36559139784947,0,1611,903.3942652329749,1,2601
0,244,829.2939068100359,0,14324,137.84587813620072,0,1586,901.7598566308244,0,2601
0,245,831.8602150537635,0,14379,135.70250896057348,0,1558,900.1182795698925,2,2601
0,246,834.6702508960574,0,14408,133.67025089605735,0,1486,898.5519713261649,0,2601
0,247,837.5197132616487,0,14400,131.41935483870967,0,1458,896.831541218638,1,2601
0,248,840.5089605734767,0,14419,128.8279569892473,0,1401,895.9462365591398,1,2601
0,249,843.3799283154121,0,14387,126.60931899641577,0,1362,894.2043010752689,2,2601
0,250,845.516129032258,0,14300,124.30824372759857,0,1309,892.7311827956989,2,2601
0,251,846.989247311828,0,14304,122.12903225806451,0,1281,891.1111111111111,3,2601
0,252,849.8888888888889,0,14366,119.99283154121864,0,1231,888.6702508960574,5,2601
0,253,452.44296577946767,0,14414,62.60456273764259,0,1194,1691.2471482889734,1,2601
0,254,859.7482014388489,0,14475,116.90287769784173,0,1143,876.9820143884892,0,2601
0,255,861.6115107913669,0,14447,115.09712230215827,0,1122,873.2553956834532,1,2601
0,256,459.97892720306515,0,14415,60.61302681992337,0,1090,1678.7030651340997,3,2601
0,257,868.3429602888086,0,14319,112.70758122743682,0,1062,860.1768953068593,2,2601
0,258,464.7919075144509,0,14245,59.346820809248555,0,1036,1670.1233140655106,3,2601
0,259,876.6992753623189,0,14314,109.92391304347827,0,1003,846.4673913043479,1,2601
0,260,469.24418604651163,0,14280,57.92635658914729,0,985,1661.2596899224807,4,2601
0,261,882.6036363636364,0,14218,107.84727272727272,0,956,834.9381818181819,2,2601
0,262,473.62573099415204,0,14128,57.198830409356724,0,931,1652.962962962963,1,2601
0,263,475.9765166340509,0,14189,56.70058708414873,0,914,1648.6438356164383,3,2601
0,264,891.5091575091575,0,14148,104.89377289377289,0,881,817.992673992674,4,2601
0,265,891.1648351648352,0,14173,103.22344322344323,0,860,817.9487179487179,5,2601
0,266,889.934065934066,0,14163,101.57875457875458,0,863,819.6336996336996,3,2601
0,267,890.5128205128206,0,14187,100.27472527472527,0,844,821.2673992673992,2,2601
0,268,889.3003663003662,0,14183,99.21978021978022,0,827,824.8205128205128,5,2601
0,269,888.4468864468864,0,14278,98.14652014652015,0,817,827.978021978022,5,2601
0,270,887.3406593406594,0,14419,97.2051282051282,0,794,832.6227106227107,7,2601
0,271,481.47410358565736,0,14396,52.40239043824701,0,764,1641.9701195219122,8,2601
0,272,481.66,0,14478,52.124,0,737,1641.028,8,2601
0,273,883.2952029520295,0,14501,95.60516605166052,0,735,835.6236162361623,10,2601
0,274,879.5202952029521,0,14583,95.26937269372694,0,732,842.6678966789668,6,2601
0,275,478.11895161290323,0,14581,51.73588709677419,0,718,1643.5625,6,2601
0,276,327.9122562674095,0,14608,35.52646239554318,0,691,1941.867688022284,6,2601
0,277,870.0410447761194,0,14597,94.11567164179104,0,662,842.6231343283582,8,2601
0,278,862.044776119403,0,14592,93.19402985074628,0,647,849.679104477612,6,2601
0,279,467.75051124744374,0,14549,50.809815950920246,0,633,1644.676891615542,7,2601
0,280,320.0975954738331,0,14466,35.08769448373409,0,611,1941.7991513437057,6,2601
0,281,462.84090909090907,0,14498,50.993801652892564,0,605,1641.435950413223,4,2601
0,282,460.46473029045643,0,14555,50.939834024896264,0,598,1521.759336099585,5,2601
0,283,834.6996197718631,0,14552,92.6235741444867,0,580,845.2281368821293,8,2601
0,284,825.6768060836501,0,14619,92.26996197718631,0,583,848.8783269961978,5,2601
0,285,819.1901140684411,0,14685,91.6425855513308,0,580,852.5551330798479,8,2601
0,286,812.5133079847909,0,14695,91.15209125475285,0,579,855.8821292775665,7,2601
0,287,444.76680672268907,0,14658,49.98529411764706,0,582,1638.0441176470588,6,2601
0,288,443.07805907172997,0,14575,49.9662447257384,0,573,1635.5232067510549,4,2601
0,289,798.4559386973181,0,14563,89.90038314176245,0,568,848.551724137931,1,2601
0,290,438.6135881104034,0,14602,49.5796178343949,0,546,1630.9511677282378,3,2601
0,291,789.8038461538462,0,14602,89.05,0,542,844.0153846153846,2,2601
0,292,301.7233727810651,0,14472,33.93343195266272,0,540,1925.5636094674555,4,2601
0,293,435.30967741935484,0,14487,49.12258064516129,0,539,1619.1032258064515,4,2601
0,294,434.7840172786177,0,14493,48.99784017278618,0,541,1614.611231101512,2,2601
0,295,434.1041214750542,0,14404,48.81127982646421,0,544,1583.0433839479392,7,2601
0,296,434.5315904139434,0,14393,48.492374727668846,0,537,1605.0435729847495,5,2601
0,297,782.9763779527559,0,14434,87.1732283464567,0,541,800.9212598425197,5,2601
0,298,434.8421052631579,0,14433,48.37719298245614,0,550,1598.1929824561403,9,2601
0,299,436.3920704845815,0,14471,48.02863436123348,0,546,1593.52422907489,9,2601
0,300,437.21017699115043,0,14493,47.63274336283186,0,551,1589.174778761062,10,2601
0,301,786.7131474103586,0,14507,85.40239043824701,0,554,779.7211155378486,10,2601
0,302,788.4302788844622,0,14575,84.29083665338645,0,562,781.6374501992032,14,2601
0,303,788.0517928286853,0,14536,83.68924302788845,0,567,780.6454183266932,10,2601
0,304,789.8326693227092,0,14483,82.66135458167331,0,570,781.3505976095618,8,2601
0,305,445.9372197309417,0,14485,46.190582959641254,0,579,1577.482062780269,5,2601
0,306,448.4121621621622,0,14451,45.9527027027027,0,583,1574.3536036036037,2,2601
0,307,452.02488687782807,0,14474,45.782805429864254,0,580,1570.7601809954751,3,2601
0,308,809.5604838709677,0,14532,80.88306451612904,0,589,767.5604838709677,4,2601
0,309,812.9717741935484,0,14505,80.11693548387096,0,596,770.0564516129032,4,2601
0,310,816.8508064516129,0,14564,79.78225806451613,0,604,772.8104838709677,4,2601
0,311,820.3709677419355,0,14573,79.16532258064517,0,603,775.6370967741935,1,2601
0,312,469.13761467889907,0,14596,44.694954128440365,0,606,1563.5435779816514,0,2601
0,313,832.4372469635628,0,14536,78.43724696356276,0,612,770.8623481781376,2,2601
0,314,837.17004048583,0,14522,77.77732793522267,0,613,771.9311740890688,1,2601
0,315,841.2267206477733,0,14477,77.22672064777328,0,614,772.9554655870445,3,2601
0,316,846.6396761133603,0,14407,76.63967611336032,0,627,772.5425101214574,1,2601
0,317,852.1174089068826,0,14414,76.35222672064778,0,629,772.5222672064777,0,2601
0,318,858.7125506072874,0,14572,75.76923076923077,0,620,772.5384615384615,1,2601
0,319,864.2226720647774,0,14581,75.21862348178138,0,614,771.8785425101214,1,2601
0,320,870.0566801619433,0,14555,74.73684210526316,0,613,771.3238866396761,3,2601
0,321,877.0323886639676,0,14403,74.14574898785425,0,613,771.0202429149798,2,2601
0,322,883.2145748987854,0,14352,73.91497975708502,0,620,770.3927125506073,2,2601
0,323,890.0931174089069,0,14307,73.46963562753037,0,607,769.0931174089069,0,2601
0,324,897.9028340080972,0,14344,73.24291497975709,0,600,769.8663967611336,2,2601
0,325,905.65991902834,0,14329,72.5748987854251,0,581,769.3279352226721,2,2601
0,326,913.3927125506073,0,14333,72.4493927125506,0,571,769.7813765182186,2,2601
0,327,920.1538461538462,0,14318,72.15384615384616,0,576,769.3603238866397,3,2601
0,328,926.3562753036438,0,14343,72.02429149797571,0,575,769.0485829959514,3,2601
0,329,933.7935222672065,0,14374,71.48178137651821,0,551,769.5384615384615,3,2601
0,330,939.5546558704453,0,14330,71.47368421052632,0,550,769.3927125506073,2,2601
0,331,943.4696356275304,0,14395,70.94331983805668,0,548,770.2955465587045,4,2601
0,332,949.0971659919028,0,14396,70.93117408906883,0,556,771.1093117408907,1,2601
0,333,954.834008097166,0,14432,70.85425101214575,0,556,770.82995951417,2,2601
0,334,958.4615384615385,0,14502,70.2672064777328,0,550,770.2955465587045,1,2601
0,335,960.0688259109312,0,14436,70.4493927125506,0,559,769.5748987854251,1,2601
0,336,961.5425101214574,0,14412,70.5587044534413,0,560,768.2469635627531,0,2601
0,337,962.7894736842105,0,14471,70.22672064777328,0,568,766.7894736842105,0,2601
0,338,964.6153846153846,0,14435,70.19028340080972,0,567,765.7651821862348,0,2601
0,339,964.9919028340081,0,14418,69.98380566801619,0,560,763.0890688259109,0,2601
0,340,966.1336032388664,0,14487,69.94331983805668,0,560,760.0647773279352,0,2601
0,341,965.080971659919,0,14550,69.78137651821862,0,566,757.4453441295547,1,2601
0,342,964.8744939271255,0,14589,69.43724696356276,0,561,754.1862348178138,1,2601
0,343,964.4048582995952,0,14567,69.59919028340082,0,564,749.663967611336,1,2601
0,344,961.9838056680162,0,14537,69.38056680161944,0,567,746.4777327935223,2,2601
0,345,960.7894736842105,0,14429,69.24291497975709,0,572,742.6396761133603,2,2601
0,346,958.591093117409,0,14404,69.11336032388664,0,572,739.3117408906883,2,2601
0,347,954.7125506072874,0,14455,68.94736842105263,0,578,736.0607287449393,4,2601
0,348,953.1902834008097,0,14549,69.01214574898785,0,592,732.493927125506,5,2601
0,349,588.5402010050251,0,14492,42.7713567839196,0,595,1429.9472361809046,6,2601
0,350,948.5528455284552,0,14509,69.11382113821138,0,579,717.5284552845528,2,2601
0,351,945.8536585365854,0,14592,68.82926829268293,0,571,714.9715447154472,1,2601
0,352,944.3943089430894,0,14592,68.73577235772358,0,567,712.2439024390244,2,2601
0,353,942.410569105691,0,14507,68.67886178861788,0,570,709.8577235772358,4,2601
0,354,939.6260162601626,0,14448,68.8089430894309,0,570,708.1626016260162,4,2601
0,355,937.6260162601626,0,14480,68.8170731707317,0,566,707.3089430894308,4,2601
0,356,590.9435897435898,0,14531,43.45641025641026,0,566,1404.8307692307692,6,2601
0,357,940.334693877551,0,14439,69.02857142857142,0,552,695.4979591836735,2,2601
0,358,594.6227390180878,0,14379,43.81912144702842,0,544,1393.780361757106,3,2601
0,359,943.5450819672132,0,14357,69.59016393442623,0,537,687.844262295082,2,2601
0,360,944.4467213114754,0,14444,69.48770491803279,0,525,688.6967213114754,4,2601
0,361,602.6083550913838,0,14460,44.177545691906005,0,518,1384.1044386422977,6,2601
0,362,951,0,14322,69.54320987654322,0,507,685.9629629629629,6,2601
0,363,952.9341563786008,0,14299,69.72839506172839,0,509,687.6255144032922,8,2601
0,364,955.7901234567901,0,14307,69.83539094650206,0,515,691.5308641975308,7,2601
0,365,959.8724279835391,0,14385,69.68312757201646,0,516,695.7695473251028,2,2601
0,366,963.4320987654321,0,14354,69.74074074074075,0,518,700.0205761316872,7,2601
0,367,967.6584362139918,0,14415,69.559670781893,0,525,704.761316872428,8,2601
0,368,971.320987654321,0,14358,69.4074074074074,0,530,709.641975308642,9,2601
0,369,975.3786008230453,0,14331,69.35802469135803,0,528,714.6954732510288,9,2601
0,370,980.604938271605,0,14391,69.52263374485597,0,535,719.5473251028807,11,2601
0,371,985.9382716049382,0,14353,69.5679012345679,0,527,724.3827160493827,12,2601
0,372,991.6831275720165,0,14423,69.18930041152264,0,520,728.7901234567901,12,2601
0,373,997.0370370370371,0,14440,69.1275720164609,0,526,733.3415637860082,8,2601
0,374,1003.2962962962963,0,14423,69.10288065843622,0,523,738.0699588477366,5,2601
0,375,1010.3703703703703,0,14386,68.67078189300412,0,522,741.6831275720165,6,2601
0,376,1016.2551440329219,0,14280,68.62551440329219,0,512,744.0329218106996,5,2601
0,377,1023.3456790123457,0,14334,68.62139917695474,0,510,744.4897119341564,4,2601
0,378,1032.633744855967,0,14434,68.82304526748972,0,498,746.0987654320987,7,2601
0,379,1041.9835390946503,0,14445,69.08230452674897,0,493,746.3744855967078,7,2601
0,380,1050.3251028806585,0,14479,69.25102880658436,0,480,746.0493827160494,4,2601
0,381,1058.358024691358,0,14447,69.35390946502058,0,472,745.358024691358,5,2601
0,382,1066.2880658436213,0,14538,69.53497942386831,0,473,744.3909465020577,8,2601
0,383,1074.880658436214,0,14473,69.65432098765432,0,471,743.0246913580247,7,2601
0,384,1082.9835390946503,0,14543,69.86008230452676,0,480,740.1769547325102,3,2601
0,385,1091.329218106996,0,14565,70.1358024691358,0,490,736.9423868312757,6,2601
0,386,1099.5102880658437,0,14520,70.29629629629629,0,499,734.7654320987655,5,2601
0,387,1106.2551440329219,0,14456,70.51440329218107,0,502,732.0576131687243,7,2601
0,388,1112.716049382716,0,14481,70.71604938271605,0,510,729.283950617284,6,2601
0,389,1120.2551440329219,0,14514,70.87654320987654,0,519,726.8477366255144,4,2601
0,390,1126.3004115226338,0,14398,71.26748971193416,0,530,724.7901234567901,3,2601
0,391,1132.7078189300412,0,14408,71.42798353909465,0,531,722.9506172839506,0,2601
0,392,1139.559670781893,0,14508,71.79012345679013,0,541,721.8024691358024,1,2601
0,393,1144.954732510288,0,14546,72.45267489711934,0,534,719.3991769547325,2,2601
0,394,1149.3415637860082,0,14535,72.87654320987654,0,533,718.2551440329219,1,2601
0,395,1152.4156378600824,0,14523,73.50617283950618,0,536,717.1481481481482,1,2601
0,396,1155.1069958847736,0,14548,74.09465020576131,0,541,716.7736625514403,3,2601
0,397,1157.3374485596707,0,14533,74.08230452674897,0,540,715.3539094650206,2,2601
0,398,1158.3621399176955,0,14434,74.53497942386831,0,548,714.6131687242798,0,2601
0,399,1158.374485596708,0,14413,74.65432098765432,0,536,714.082304526749,0,2601
0,400,1157.9218106995884,0,14397,74.95061728395062,0,529,713.9547325102881,1,2601
0,401,820.9093567251462,0,14404,53.52923976608187,0,521,1260.2222222222222,0,2601
0,402,1156.607438016529,0,14284,75.8305785123967,0,504,707.2768595041322,1,2601
0,403,1153.8429752066115,0,14245,75.86776859504133,0,503,709.0867768595041,1,2601
0,404,1149.5867768595042,0,14293,76.18595041322314,0,503,709.305785123967,2,2601
0,405,1145.9214876033059,0,14265,76.5702479338843,0,501,709.7479338842975,3,2601
0,406,1141.3388429752067,0,14218,76.81818181818181,0,490,710.99173553719,3,2601
0,407,821.4328358208955,0,14179,55.57313432835821,0,501,1237,3,2601
0,408,1137.4979253112033,0,14261,77.51867219917013,0,489,706.6514522821577,3,2601
0,409,1133.5726141078837,0,14278,77.58921161825727,0,491,709.7842323651453,3,2601
0,410,1128.1825726141078,0,14334,77.8298755186722,0,498,712.195020746888,3,2601
0,411,1123.1742738589212,0,14371,78.0539419087137,0,495,714.4854771784233,3,2601
0,412,1118.4107883817428,0,14441,77.97095435684648,0,483,718.2738589211618,3,2601
0,413,820.0182926829268,0,14620,57.14939024390244,0,482,1220.2042682926829,2,2601
0,414,1115.25,0,14509,77.87083333333334,0,474,718.2333333333333,0,2601
0,415,821.0369230769231,0,14465,57.41538461538462,0,471,1212.6153846153845,0,2601
0,416,822.9256965944272,0,14467,57.72445820433437,0,472,1206.9659442724458,1,2601
0,417,1112.2436974789916,0,14550,78.2016806722689,0,472,712.0882352941177,1,2601
0,418,1108.079831932773,0,14514,77.97058823529412,0,471,716.4117647058823,1,2601
0,419,1104.18487394958,0,14533,77.5672268907563,0,478,721.0756302521008,1,2601
0,420,1100.7773109243697,0,14531,77.27731092436974,0,504,725.1386554621848,3,2601
0,421,1098.2310924369747,0,14351,77.3529411764706,0,543,729.1764705882352,3,2601
0,422,1096.9873949579833,0,14348,76.91176470588235,0,566,733.218487394958,2,2601
0,423,1096.2689075630253,0,14467,76.80252100840336,0,568,738.7731092436975,5,2601
0,424,829.8216560509554,0,14582,57.7515923566879,0,569,1192.8630573248408,4,2601
0,425,834.4423076923077,0,14626,57.80769230769231,0,597,1187.6089743589744,4,2601
0,426,1102.7415254237287,0,14511,76.32203389830508,0,604,737.7330508474577,5,2601
0,427,841.6213592233009,0,14535,57.88673139158576,0,601,1182.1391585760518,2,2601
0,428,1107.995744680851,0,14555,75.50212765957447,0,603,741.0212765957447,4,2601
0,429,1109.1404255319148,0,14530,74.6,0,572,746.5234042553192,3,2601
0,430,1109.536170212766,0,14487,74.05531914893616,0,583,751.8553191489361,5,2601
0,431,1110.268085106383,0,14434,73.57021276595745,0,553,756.7446808510638,8,2601
0,432,862.006600660066,0,14488,56.59075907590759,0,523,1174.960396039604,5,2601
0,433,869.468438538206,0,14553,56.53156146179402,0,498,1168.2724252491694,2,2601
0,434,608.1276102088167,0,14587,39.09512761020882,0,490,1603.3828306264502,2,2601
0,435,1142.391304347826,0,14507,72.81304347826087,0,506,736.5521739130435,4,2601
0,436,1144.8086956521738,0,14578,72.48695652173913,0,529,741.5608695652174,1,2601
0,437,1146.6478260869565,0,14684,71.77826086956522,0,530,746.0652173913044,0,2601
0,438,1148.8695652173913,0,14643,71.35217391304347,0,540,751.6913043478261,1,2601
0,439,1152.291304347826,0,14676,71.07826086956521,0,546,756.1782608695652,2,2601
0,440,1155.2826086956522,0,14690,70.40869565217392,0,552,760.0956521739131,2,2601
0,441,921.2698961937716,0,14662,55.778546712802765,0,569,1139.0657439446368,1,2601
0,442,1166.4541484716158,0,14732,69.95196506550218,0,563,758.5152838427948,3,2601
0,443,1169.1572052401746,0,14766,69.31877729257641,0,542,761.4192139737992,2,2601
0,444,941.9052631578948,0,14704,55.12982456140351,0,497,1105.8350877192981,3,2601
0,445,1181.1666666666667,0,14732,68.21052631578948,0,500,756.5964912280701,3,2601
0,446,1183.640350877193,0,14718,67.48684210526316,0,495,757.9342105263158,4,2601
0,447,1187.5745614035088,0,14731,66.9342105263158,0,495,757.6052631578947,6,2601
0,448,1190.8947368421052,0,14588,66.52631578947368,0,502,756.6666666666666,3,2601
0,449,1195.1973684210527,0,14567,65.9298245614035,0,507,755.969298245614,4,2601
0,450,1196.390350877193,0,14412,65.54824561403508,0,514,754.8201754385965,6,2601
0,451,987.3068592057762,0,14529,53.855595667870034,0,517,1080.0397111913358,7,2601
0,452,1208.4273127753304,0,14546,65.33480176211454,0,521,745.3568281938326,4,2601
0,453,1003.9963503649635,0,14572,53.91240875912409,0,525,1061.6496350364964,7,2601
0,454,1221.1681415929204,0,14600,65.34070796460178,0,532,734.4070796460177,6,2601
0,455,1224.4734513274336,0,14585,65.14159292035399,0,538,733.6061946902655,9,2601
0,456,1226.9601769911505,0,14539,64.92477876106194,0,543,732.3053097345132,9,2601
0,457,1034.2007434944237,0,14533,54.27137546468401,0,550,1029.9293680297399,8,2601
0,458,1239.3155555555556,0,14448,64.71555555555555,0,546,721.4577777777778,5,2601
0,459,1240.6577777777777,0,14493,64.09777777777778,0,551,718.9822222222223,2,2601
0,460,1054.633962264151,0,14398,54.637735849056604,0,559,1001.3924528301886,0,2601
0,461,1248.8839285714287,0,14342,64.37946428571429,0,547,707.9419642857143,1,2601
0,462,1068.4198473282443,0,14388,54.93511450381679,0,547,980.3129770992366,3,2601
0,463,1255.201793721973,0,14377,64.66367713004485,0,539,694.8430493273543,2,2601
0,464,1253.932735426009,0,14434,64.65470852017937,0,536,692.8520179372198,2,2601
0,465,1252.9910313901346,0,14261,64.62331838565022,0,566,690.4798206278027,5,2601
0,466,1253.085201793722,0,14225,64.76233183856502,0,598,687.9865470852018,3,2601
0,467,1250.7668161434979,0,14168,64.87443946188341,0,620,683.932735426009,3,2601
0,468,1250.408071748879,0,14262,64.99551569506727,0,656,681.896860986547,4,2601
0,469,1248.8071748878924,0,14342,64.93273542600897,0,678,678.1883408071749,2,2601
0,470,1248.7354260089687,0,14376,64.94618834080717,0,688,675.5964125560538,5,2601
0,471,1247.3946188340808,0,14310,65.11210762331838,0,685,672.4887892376681,6,2601
0,472,1245.2511210762332,0,14316,65.14798206278027,0,645,669.2017937219731,6,2601
0,473,1243.206278026906,0,14299,64.91031390134529,0,613,666.6457399103139,8,2601
0,474,1244.1300448430493,0,14439,65.01793721973094,0,609,664.1390134529148,3,2601
0,475,1244.4125560538116,0,14424,64.99103139013452,0,566,661.7533632286995,3,2601
0,476,1246.4529147982062,0,14480,64.82062780269058,0,544,658.5650224215246,8,2601
0,477,1248.1838565022422,0,14516,64.72197309417041,0,516,655.0224215246636,5,2601
0,478,1249.7443946188341,0,14469,64.5067264573991,0,522,652.6053811659193,3,2601
0,479,1252.847533632287,0,14464,64.5201793721973,0,530,649.5201793721973,2,2601
0,480,1150.9958847736625,0,14567,59.43621399176955,0,541,808.2345679012345,2,2601
0,481,1162.4315352697095,0,14584,59.88381742738589,0,538,790.8215767634855,5,2601
0,482,1175.3430962343095,0,14687,60.2928870292887,0,540,752.3138075313808,5,2601
0,483,1280.9045454545455,0,14722,65.44090909090909,0,549,613.8454545454546,3,2601
0,484,1198.1949152542372,0,14687,60.96610169491525,0,563,747.1313559322034,2,2601
0,485,1295.849315068493,0,14695,65.60730593607306,0,567,601.2602739726027,3,2601
0,486,1300.4109589041095,0,14617,65.57990867579909,0,558,601.1324200913242,2,2601
0,487,1305.4383561643835,0,14629,65.26027397260275,0,550,599.3059360730593,3,2601
0,488,1309.2922374429224,0,14511,65.21004566210046,0,566,599.2557077625571,3,2601
0,489,1312.3150684931506,0,14446,64.96347031963471,0,565,597.8812785388128,2,2601
0,490,1315.9406392694063,0,14517,64.93150684931507,0,571,597.8904109589041,1,2601
0,491,1318.703196347032,0,14458,64.81735159817352,0,573,598.3881278538813,2,2601
0,492,1321.9223744292237,0,14438,64.44292237442923,0,571,597.5936073059361,1,2601
0,493,1324.3744292237443,0,14439,64.48401826484019,0,582,596.7716894977169,0,2601
0,494,1324.8995433789955,0,14317,64.19634703196347,0,582,597.296803652968,0,2601
0,495,1326.876712328767,0,14312,64.0730593607306,0,586,599.0319634703196,1,2601
0,496,1329.9908675799086,0,14356,63.97716894977169,0,584,600.0365296803653,0,2601
0,497,1333.5616438356165,0,14392,63.67579908675799,0,585,599.2328767123288,2,2601
0,498,1335.5433789954338,0,14445,63.41552511415525,0,584,601.1963470319635,1,2601
0,499,1337.0776255707763,0,14481,63.38356164383562,0,581,602.1324200913242,2,2601
0,500,1335.1422018348624,0,14595,63.821100917431195,0,576,607.1238532110092,1,2601
40,500,1999,1999,1999,0,0,0,68,68,68
