density,directions,density_pred,directions_pred,noise,fold,datapoints,summarise_runs,id,time_label,burn_percentage
3,4,22.106698251728655,4,clean,1,timepoints,summarised,1,end,0.40566502445792774
3,4,22.106698251728655,4,clean,1,timepoints,summarised,1,middle,0.40566502445792774
5,8,22.102216311266577,4,clean,1,timepoints,summarised,2,end,0.5694921975748389
5,8,22.102216311266577,4,clean,1,timepoints,summarised,2,middle,0.450964316450221
8,4,21.618846257421257,4,clean,1,timepoints,summarised,3,end,0.4116839835326407
8,4,21.618846257421257,4,clean,1,timepoints,summarised,3,middle,0.4554727598954308
9,4,21.453878483205937,4,clean,1,timepoints,summarised,4,end,0.4105676544091396
9,4,21.453878483205937,4,clean,1,timepoints,summarised,4,middle,0.3937002170040487
12,4,22.34509410300603,4,clean,1,timepoints,summarised,5,end,0.5941931127616475
12,4,22.34509410300603,4,clean,1,timepoints,summarised,5,middle,0.4648506830282591
12,8,22.406141053342573,4,clean,1,timepoints,summarised,6,end,0.5996160807874885
12,8,22.406141053342573,4,clean,1,timepoints,summarised,6,middle,0.5883880022619965
18,8,22.80082281995546,4,clean,1,timepoints,summarised,7,end,0.8012820512820512
18,8,22.80082281995546,4,clean,1,timepoints,summarised,7,middle,0.7838783057989713
19,8,23.744998164645587,4,clean,1,timepoints,summarised,8,end,0.9837456447334754
19,8,23.744998164645587,4,clean,1,timepoints,summarised,8,middle,0.953736107880583
20,8,23.38552120703658,4,clean,1,timepoints,summarised,9,end,0.882679916197989
20,8,23.38552120703658,4,clean,1,timepoints,summarised,9,middle,0.900381697847492
21,8,24.212567412842443,4,clean,1,timepoints,summarised,10,end,1.1602335633578524
21,8,24.212567412842443,4,clean,1,timepoints,summarised,10,middle,0.9910582674938386
30,4,23.396257684534852,4,clean,1,timepoints,summarised,11,end,0.9979720354360124
30,4,23.396257684534852,4,clean,1,timepoints,summarised,11,middle,0.7970574941824309
36,8,31.71298330596035,8,clean,1,timepoints,summarised,12,end,10.295878986825178
36,8,31.71298330596035,8,clean,1,timepoints,summarised,12,middle,6.4952997068934115
37,8,37.5377965148236,8,clean,1,timepoints,summarised,13,end,6.826703443520235
37,8,37.5377965148236,8,clean,1,timepoints,summarised,13,middle,6.897018261621057
38,4,22.703502011159973,4,clean,1,timepoints,summarised,14,end,0.8405480373203329
38,4,22.703502011159973,4,clean,1,timepoints,summarised,14,middle,0.9621001848548176
42,4,24.06501928554094,4,clean,1,timepoints,summarised,15,end,1.4143845922359315
42,4,24.06501928554094,4,clean,1,timepoints,summarised,15,middle,1.2080633204748756
43,8,63.25689756898811,4,clean,1,timepoints,summarised,16,end,88.63217628417716
43,8,63.25689756898811,4,clean,1,timepoints,summarised,16,middle,58.9186349198918
45,4,25.37049329360699,8,clean,1,timepoints,summarised,17,end,2.199667574353715
45,4,25.37049329360699,8,clean,1,timepoints,summarised,17,middle,1.4470834938732748
46,4,24.874710271955216,4,clean,1,timepoints,summarised,18,end,1.6347355268638069
46,4,24.874710271955216,4,clean,1,timepoints,summarised,18,middle,1.3745872013809153
48,4,25.584877344793284,8,clean,1,timepoints,summarised,19,end,2.08236466290269
48,4,25.584877344793284,8,clean,1,timepoints,summarised,19,middle,2.101299431224493
48,8,59.50608766026738,8,clean,1,timepoints,summarised,20,end,96.53047022566857
48,8,59.50608766026738,8,clean,1,timepoints,summarised,20,middle,53.620982058549984
52,8,72.62837955771772,8,clean,1,timepoints,summarised,21,end,98.86311963706812
52,8,72.62837955771772,8,clean,1,timepoints,summarised,21,middle,52.85503009444487
56,4,40.46665235163778,8,clean,1,timepoints,summarised,22,end,12.106606180890276
56,4,40.46665235163778,8,clean,1,timepoints,summarised,22,middle,9.128726677667498
57,8,75.21559534576699,8,clean,1,timepoints,summarised,23,end,99.54318821202752
57,8,75.21559534576699,8,clean,1,timepoints,summarised,23,middle,54.08909613911409
61,4,71.9686042496607,4,clean,1,timepoints,summarised,24,end,81.01674609995572
61,4,71.9686042496607,4,clean,1,timepoints,summarised,24,middle,56.21751544907904
64,8,80.23162497515409,8,clean,1,timepoints,summarised,25,end,99.94246835759668
64,8,80.23162497515409,8,clean,1,timepoints,summarised,25,middle,53.56502302318928
65,8,81.10491473620908,8,clean,1,timepoints,summarised,26,end,99.9409594095941
65,8,81.10491473620908,8,clean,1,timepoints,summarised,26,middle,53.1811635051726
66,8,81.18177960924538,8,clean,1,timepoints,summarised,27,end,99.93845152559128
66,8,81.18177960924538,8,clean,1,timepoints,summarised,27,middle,53.18578234482547
69,8,82.87053116881361,8,clean,1,timepoints,summarised,28,end,99.98150718651478
69,8,82.87053116881361,8,clean,1,timepoints,summarised,28,middle,52.77801394058056
71,8,80.73129822180721,8,clean,1,timepoints,summarised,29,end,99.99550844412504
71,8,80.73129822180721,8,clean,1,timepoints,summarised,29,middle,53.15847945123425
72,4,67.43537976260768,4,clean,1,timepoints,summarised,30,end,98.62807576562224
72,4,67.43537976260768,4,clean,1,timepoints,summarised,30,middle,55.71067175217144
75,8,81.70485919369304,8,clean,1,timepoints,summarised,31,end,99.9935952177626
75,8,81.70485919369304,8,clean,1,timepoints,summarised,31,middle,53.26492064706856
81,4,77.62928953905129,4,clean,1,timepoints,summarised,32,end,99.8536357142588
81,4,77.62928953905129,4,clean,1,timepoints,summarised,32,middle,53.62387612400559
83,8,82.87182790667953,8,clean,1,timepoints,summarised,33,end,100
83,8,82.87182790667953,8,clean,1,timepoints,summarised,33,middle,52.85791890999804
85,8,83.50394627058182,8,clean,1,timepoints,summarised,34,end,100
85,8,83.50394627058182,8,clean,1,timepoints,summarised,34,middle,52.90855395833345
86,8,83.134542060971,8,clean,1,timepoints,summarised,35,end,100
86,8,83.134542060971,8,clean,1,timepoints,summarised,35,middle,52.84099483279086
87,8,83.1465241489177,8,clean,1,timepoints,summarised,36,end,100
87,8,83.1465241489177,8,clean,1,timepoints,summarised,36,middle,52.81233340245417
91,4,76.76247195129565,8,clean,1,timepoints,summarised,37,end,99.98595382319375
91,4,76.76247195129565,8,clean,1,timepoints,summarised,37,middle,54.344001726023016
91,8,82.92389242789994,8,clean,1,timepoints,summarised,38,end,100
91,8,82.92389242789994,8,clean,1,timepoints,summarised,38,middle,52.77432597794484
92,4,79.28097861875273,8,clean,1,timepoints,summarised,39,end,100
92,4,79.28097861875273,8,clean,1,timepoints,summarised,39,middle,53.48480984695179
96,4,80.25407406154972,8,clean,1,timepoints,summarised,40,end,99.99916991782186
96,4,80.25407406154972,8,clean,1,timepoints,summarised,40,middle,53.36951193171408
3,4,21.67209140373039,4,noise,1,timepoints,summarised,41,end,0.40566502445792774
3,4,21.67209140373039,4,noise,1,timepoints,summarised,41,middle,0.40566502445792774
5,8,21.70181674994408,4,noise,1,timepoints,summarised,42,end,0.5694921975748389
5,8,21.70181674994408,4,noise,1,timepoints,summarised,42,middle,0.450964316450221
8,4,21.018795157395367,4,noise,1,timepoints,summarised,43,end,0.4116839835326407
8,4,21.018795157395367,4,noise,1,timepoints,summarised,43,middle,0.4554727598954308
9,4,21.43239037660012,4,noise,1,timepoints,summarised,44,end,0.4105676544091396
9,4,21.43239037660012,4,noise,1,timepoints,summarised,44,middle,0.3937002170040487
12,4,22.19866938660161,4,noise,1,timepoints,summarised,45,end,0.5941931127616475
12,4,22.19866938660161,4,noise,1,timepoints,summarised,45,middle,0.4648506830282591
12,8,21.925788264970745,4,noise,1,timepoints,summarised,46,end,0.5996160807874885
12,8,21.925788264970745,4,noise,1,timepoints,summarised,46,middle,0.5883880022619965
18,8,22.91554532315328,4,noise,1,timepoints,summarised,47,end,0.8012820512820512
18,8,22.91554532315328,4,noise,1,timepoints,summarised,47,middle,0.7838783057989713
19,8,22.984693053337697,4,noise,1,timepoints,summarised,48,end,0.9837456447334754
19,8,22.984693053337697,4,noise,1,timepoints,summarised,48,middle,0.953736107880583
20,8,22.8743242633649,4,noise,1,timepoints,summarised,49,end,0.882679916197989
20,8,22.8743242633649,4,noise,1,timepoints,summarised,49,middle,0.900381697847492
21,8,24.244962670043932,4,noise,1,timepoints,summarised,50,end,1.1602335633578524
21,8,24.244962670043932,4,noise,1,timepoints,summarised,50,middle,0.9910582674938386
30,4,23.55444561818979,4,noise,1,timepoints,summarised,51,end,0.9979720354360124
30,4,23.55444561818979,4,noise,1,timepoints,summarised,51,middle,0.7970574941824309
36,8,30.952839136052972,8,noise,1,timepoints,summarised,52,end,10.295878986825178
36,8,30.952839136052972,8,noise,1,timepoints,summarised,52,middle,6.4952997068934115
37,8,39.295399304503206,4,noise,1,timepoints,summarised,53,end,6.826703443520235
37,8,39.295399304503206,4,noise,1,timepoints,summarised,53,middle,6.897018261621057
38,4,22.860690979200463,4,noise,1,timepoints,summarised,54,end,0.8405480373203329
38,4,22.860690979200463,4,noise,1,timepoints,summarised,54,middle,0.9621001848548176
42,4,23.986322668109626,8,noise,1,timepoints,summarised,55,end,1.4143845922359315
42,4,23.986322668109626,8,noise,1,timepoints,summarised,55,middle,1.2080633204748756
43,8,30.090440563975733,8,noise,1,timepoints,summarised,56,end,88.63217628417716
43,8,30.090440563975733,8,noise,1,timepoints,summarised,56,middle,58.9186349198918
45,4,24.84912261536712,8,noise,1,timepoints,summarised,57,end,2.199667574353715
45,4,24.84912261536712,8,noise,1,timepoints,summarised,57,middle,1.4470834938732748
46,4,23.78794531967052,8,noise,1,timepoints,summarised,58,end,1.6347355268638069
46,4,23.78794531967052,8,noise,1,timepoints,summarised,58,middle,1.3745872013809153
48,4,24.84551074788228,8,noise,1,timepoints,summarised,59,end,2.08236466290269
48,4,24.84551074788228,8,noise,1,timepoints,summarised,59,middle,2.101299431224493
48,8,44.00016199577033,8,noise,1,timepoints,summarised,60,end,96.53047022566857
48,8,44.00016199577033,8,noise,1,timepoints,summarised,60,middle,53.620982058549984
52,8,33.6417274976904,8,noise,1,timepoints,summarised,61,end,98.86311963706812
52,8,33.6417274976904,8,noise,1,timepoints,summarised,61,middle,52.85503009444487
56,4,37.58657133619914,8,noise,1,timepoints,summarised,62,end,12.106606180890276
56,4,37.58657133619914,8,noise,1,timepoints,summarised,62,middle,9.128726677667498
57,8,63.44948141264621,8,noise,1,timepoints,summarised,63,end,99.54318821202752
57,8,63.44948141264621,8,noise,1,timepoints,summarised,63,middle,54.08909613911409
61,4,45.116379989317466,4,noise,1,timepoints,summarised,64,end,81.01674609995572
61,4,45.116379989317466,4,noise,1,timepoints,summarised,64,middle,56.21751544907904
64,8,65.14803755012451,8,noise,1,timepoints,summarised,65,end,99.94246835759668
64,8,65.14803755012451,8,noise,1,timepoints,summarised,65,middle,53.56502302318928
65,8,83.12648620556735,8,noise,1,timepoints,summarised,66,end,99.9409594095941
65,8,83.12648620556735,8,noise,1,timepoints,summarised,66,middle,53.1811635051726
66,8,76.5438125977887,8,noise,1,timepoints,summarised,67,end,99.93845152559128
66,8,76.5438125977887,8,noise,1,timepoints,summarised,67,middle,53.18578234482547
69,8,76.95392867097291,8,noise,1,timepoints,summarised,68,end,99.98150718651478
69,8,76.95392867097291,8,noise,1,timepoints,summarised,68,middle,52.77801394058056
71,8,78.69291202311655,8,noise,1,timepoints,summarised,69,end,99.99550844412504
71,8,78.69291202311655,8,noise,1,timepoints,summarised,69,middle,53.15847945123425
72,4,43.66126753732391,8,noise,1,timepoints,summarised,70,end,98.62807576562224
72,4,43.66126753732391,8,noise,1,timepoints,summarised,70,middle,55.71067175217144
75,8,66.76586501191377,8,noise,1,timepoints,summarised,71,end,99.9935952177626
75,8,66.76586501191377,8,noise,1,timepoints,summarised,71,middle,53.26492064706856
81,4,97.44463301022635,4,noise,1,timepoints,summarised,72,end,99.8536357142588
81,4,97.44463301022635,4,noise,1,timepoints,summarised,72,middle,53.62387612400559
83,8,66.11916071563769,8,noise,1,timepoints,summarised,73,end,100
83,8,66.11916071563769,8,noise,1,timepoints,summarised,73,middle,52.85791890999804
85,8,57.64286979579117,8,noise,1,timepoints,summarised,74,end,100
85,8,57.64286979579117,8,noise,1,timepoints,summarised,74,middle,52.90855395833345
86,8,89.58443263179862,4,noise,1,timepoints,summarised,75,end,100
86,8,89.58443263179862,4,noise,1,timepoints,summarised,75,middle,52.84099483279086
87,8,64.8781890936038,8,noise,1,timepoints,summarised,76,end,100
87,8,64.8781890936038,8,noise,1,timepoints,summarised,76,middle,52.81233340245417
91,4,52.682968869928345,8,noise,1,timepoints,summarised,77,end,99.98595382319375
91,4,52.682968869928345,8,noise,1,timepoints,summarised,77,middle,54.344001726023016
91,8,61.730143404164494,8,noise,1,timepoints,summarised,78,end,100
91,8,61.730143404164494,8,noise,1,timepoints,summarised,78,middle,52.77432597794484
92,4,101.97641810646336,4,noise,1,timepoints,summarised,79,end,100
92,4,101.97641810646336,4,noise,1,timepoints,summarised,79,middle,53.48480984695179
96,4,62.43700477326303,8,noise,1,timepoints,summarised,80,end,99.99916991782186
96,4,62.43700477326303,8,noise,1,timepoints,summarised,80,middle,53.36951193171408
2,4,21.08041527584735,4,clean,2,timepoints,summarised,81,end,0.22429623355299355
2,4,21.08041527584735,4,clean,2,timepoints,summarised,81,middle,0.22429623355299355
7,8,22.080624697181925,4,clean,2,timepoints,summarised,82,end,0.5713126317087329
7,8,22.080624697181925,4,clean,2,timepoints,summarised,82,middle,0.41060132113465514
10,8,22.995904048233417,4,clean,2,timepoints,summarised,83,end,0.9394904458598726
10,8,22.995904048233417,4,clean,2,timepoints,summarised,83,middle,0.5897661444711103
13,8,22.459261551569476,4,clean,2,timepoints,summarised,84,end,0.6329226596927735
13,8,22.459261551569476,4,clean,2,timepoints,summarised,84,middle,0.6062547526083544
14,4,21.97239602518482,4,clean,2,timepoints,summarised,85,end,0.4497751124437781
14,4,21.97239602518482,4,clean,2,timepoints,summarised,85,middle,0.4096764500996172
15,4,22.369810332843336,4,clean,2,timepoints,summarised,86,end,0.5747738158594997
15,4,22.369810332843336,4,clean,2,timepoints,summarised,86,middle,0.4772593717777769
17,4,22.53751066234859,4,clean,2,timepoints,summarised,87,end,0.6185567010309279
17,4,22.53751066234859,4,clean,2,timepoints,summarised,87,middle,0.5496897182247327
18,4,21.7934161597369,4,clean,2,timepoints,summarised,88,end,0.42338528060535086
18,4,21.7934161597369,4,clean,2,timepoints,summarised,88,middle,0.4756335590545257
24,4,23.06518684657619,4,clean,2,timepoints,summarised,89,end,0.790722192936215
24,4,23.06518684657619,4,clean,2,timepoints,summarised,89,middle,0.6364262679872627
24,8,24.63522569069176,8,clean,2,timepoints,summarised,90,end,1.6110853278525492
24,8,24.63522569069176,8,clean,2,timepoints,summarised,90,middle,1.1624147915247844
27,4,23.15431665320669,4,clean,2,timepoints,summarised,91,end,0.8260589372546722
27,4,23.15431665320669,4,clean,2,timepoints,summarised,91,middle,0.7626513861032096
29,8,27.76949382810145,8,clean,2,timepoints,summarised,92,end,2.6917161063502526
29,8,27.76949382810145,8,clean,2,timepoints,summarised,92,middle,1.8228550539232915
32,8,27.07332304995155,8,clean,2,timepoints,summarised,93,end,2.784557907845579
32,8,27.07332304995155,8,clean,2,timepoints,summarised,93,middle,2.5985144288554
33,4,23.16074353600736,4,clean,2,timepoints,summarised,94,end,0.8459418958766375
33,4,23.16074353600736,4,clean,2,timepoints,summarised,94,middle,0.7530153256897174
36,4,23.90109604216963,4,clean,2,timepoints,summarised,95,end,1.1187948729242831
36,4,23.90109604216963,4,clean,2,timepoints,summarised,95,middle,0.9444385616496715
37,4,23.734404177711937,4,clean,2,timepoints,summarised,96,end,1.1151295961422545
37,4,23.734404177711937,4,clean,2,timepoints,summarised,96,middle,0.964280972173162
41,8,68.49022826493615,4,clean,2,timepoints,summarised,97,end,74.28715521589014
41,8,68.49022826493615,4,clean,2,timepoints,summarised,97,middle,39.83671673993324
43,4,23.988698612608303,4,clean,2,timepoints,summarised,98,end,1.3459750883063766
43,4,23.988698612608303,4,clean,2,timepoints,summarised,98,middle,1.347240451084122
44,4,23.509417778598724,8,clean,2,timepoints,summarised,99,end,1.2980420594633792
44,4,23.509417778598724,8,clean,2,timepoints,summarised,99,middle,1.402547055650733
49,8,62.8934936508532,8,clean,2,timepoints,summarised,100,end,97.70972555634852
49,8,62.8934936508532,8,clean,2,timepoints,summarised,100,middle,54.14468932598638
57,4,29.49450927117434,8,clean,2,timepoints,summarised,101,end,13.233280232525644
57,4,29.49450927117434,8,clean,2,timepoints,summarised,101,middle,10.307676971288393
59,4,68.17075672613302,4,clean,2,timepoints,summarised,102,end,68.61471861471861
59,4,68.17075672613302,4,clean,2,timepoints,summarised,102,middle,40.9844323890572
67,4,58.95500764691536,4,clean,2,timepoints,summarised,103,end,96.0866044207317
67,4,58.95500764691536,4,clean,2,timepoints,summarised,103,middle,53.450816701462145
67,8,80.50311864902932,8,clean,2,timepoints,summarised,104,end,99.97149620853658
67,8,80.50311864902932,8,clean,2,timepoints,summarised,104,middle,53.15683539038439
68,8,80.01032751567902,8,clean,2,timepoints,summarised,105,end,99.96254155546193
68,8,80.01032751567902,8,clean,2,timepoints,summarised,105,middle,53.134578579829345
70,4,66.91703452622193,4,clean,2,timepoints,summarised,106,end,98.30585663539485
70,4,66.91703452622193,4,clean,2,timepoints,summarised,106,middle,54.28871131377258
70,8,81.16837192589651,8,clean,2,timepoints,summarised,107,end,99.97502100506392
70,8,81.16837192589651,8,clean,2,timepoints,summarised,107,middle,53.155461598648
73,8,82.48881843648775,8,clean,2,timepoints,summarised,108,end,99.9927296285904
73,8,82.48881843648775,8,clean,2,timepoints,summarised,108,middle,52.849719514187285
74,4,73.46910679927862,4,clean,2,timepoints,summarised,109,end,99.23330390024336
74,4,73.46910679927862,4,clean,2,timepoints,summarised,109,middle,53.49013136362086
74,8,81.81684075730914,8,clean,2,timepoints,summarised,110,end,99.99785541186816
74,8,81.81684075730914,8,clean,2,timepoints,summarised,110,middle,52.7023804843784
75,4,72.4810556442797,4,clean,2,timepoints,summarised,111,end,99.31030078549075
75,4,72.4810556442797,4,clean,2,timepoints,summarised,111,middle,53.65011652341837
77,4,73.68035882326728,4,clean,2,timepoints,summarised,112,end,99.52709297765652
77,4,73.68035882326728,4,clean,2,timepoints,summarised,112,middle,53.518762991285065
78,8,82.24761846080037,8,clean,2,timepoints,summarised,113,end,100
78,8,82.24761846080037,8,clean,2,timepoints,summarised,113,middle,52.82832629108456
82,4,74.49527304473935,4,clean,2,timepoints,summarised,114,end,99.848840138757
82,4,74.49527304473935,4,clean,2,timepoints,summarised,114,middle,53.99484959902028
84,4,75.6933034594611,4,clean,2,timepoints,summarised,115,end,99.90325517869336
84,4,75.6933034594611,4,clean,2,timepoints,summarised,115,middle,53.72693787620506
84,8,83.24371176634571,8,clean,2,timepoints,summarised,116,end,100
84,8,83.24371176634571,8,clean,2,timepoints,summarised,116,middle,52.754195910029075
86,4,76.45686593654034,4,clean,2,timepoints,summarised,117,end,99.9370708323308
86,4,76.45686593654034,4,clean,2,timepoints,summarised,117,middle,53.56207713738274
96,8,84.30741111339387,8,clean,2,timepoints,summarised,118,end,100
96,8,84.30741111339387,8,clean,2,timepoints,summarised,118,middle,52.37359137055631
99,4,80.96019202761255,8,clean,2,timepoints,summarised,119,end,100
99,4,80.96019202761255,8,clean,2,timepoints,summarised,119,middle,53.19969764222769
99,8,84.37777147781657,8,clean,2,timepoints,summarised,120,end,100
99,8,84.37777147781657,8,clean,2,timepoints,summarised,120,middle,52.40497137624781
2,4,20.70521612900521,4,noise,2,timepoints,summarised,121,end,0.22429623355299355
2,4,20.70521612900521,4,noise,2,timepoints,summarised,121,middle,0.22429623355299355
7,8,22.165451557864007,4,noise,2,timepoints,summarised,122,end,0.5713126317087329
7,8,22.165451557864007,4,noise,2,timepoints,summarised,122,middle,0.41060132113465514
10,8,22.950935671318085,4,noise,2,timepoints,summarised,123,end,0.9394904458598726
10,8,22.950935671318085,4,noise,2,timepoints,summarised,123,middle,0.5897661444711103
13,8,22.408270934731085,4,noise,2,timepoints,summarised,124,end,0.6329226596927735
13,8,22.408270934731085,4,noise,2,timepoints,summarised,124,middle,0.6062547526083544
14,4,21.991763870411223,4,noise,2,timepoints,summarised,125,end,0.4497751124437781
14,4,21.991763870411223,4,noise,2,timepoints,summarised,125,middle,0.4096764500996172
15,4,22.29994917268977,4,noise,2,timepoints,summarised,126,end,0.5747738158594997
15,4,22.29994917268977,4,noise,2,timepoints,summarised,126,middle,0.4772593717777769
17,4,22.392650417271454,4,noise,2,timepoints,summarised,127,end,0.6185567010309279
17,4,22.392650417271454,4,noise,2,timepoints,summarised,127,middle,0.5496897182247327
18,4,21.689300190786003,4,noise,2,timepoints,summarised,128,end,0.42338528060535086
18,4,21.689300190786003,4,noise,2,timepoints,summarised,128,middle,0.4756335590545257
24,4,23.15479702531964,4,noise,2,timepoints,summarised,129,end,0.790722192936215
24,4,23.15479702531964,4,noise,2,timepoints,summarised,129,middle,0.6364262679872627
24,8,24.342509700380113,8,noise,2,timepoints,summarised,130,end,1.6110853278525492
24,8,24.342509700380113,8,noise,2,timepoints,summarised,130,middle,1.1624147915247844
27,4,23.23812967698737,4,noise,2,timepoints,summarised,131,end,0.8260589372546722
27,4,23.23812967698737,4,noise,2,timepoints,summarised,131,middle,0.7626513861032096
29,8,27.493456010541735,8,noise,2,timepoints,summarised,132,end,2.6917161063502526
29,8,27.493456010541735,8,noise,2,timepoints,summarised,132,middle,1.8228550539232915
32,8,26.74873769309018,8,noise,2,timepoints,summarised,133,end,2.784557907845579
32,8,26.74873769309018,8,noise,2,timepoints,summarised,133,middle,2.5985144288554
33,4,23.222775867845975,4,noise,2,timepoints,summarised,134,end,0.8459418958766375
33,4,23.222775867845975,4,noise,2,timepoints,summarised,134,middle,0.7530153256897174
36,4,23.76497962009538,4,noise,2,timepoints,summarised,135,end,1.1187948729242831
36,4,23.76497962009538,4,noise,2,timepoints,summarised,135,middle,0.9444385616496715
37,4,23.97486471201747,4,noise,2,timepoints,summarised,136,end,1.1151295961422545
37,4,23.97486471201747,4,noise,2,timepoints,summarised,136,middle,0.964280972173162
41,8,59.20990410686369,4,noise,2,timepoints,summarised,137,end,74.28715521589014
41,8,59.20990410686369,4,noise,2,timepoints,summarised,137,middle,39.83671673993324
43,4,23.89946012998747,4,noise,2,timepoints,summarised,138,end,1.3459750883063766
43,4,23.89946012998747,4,noise,2,timepoints,summarised,138,middle,1.347240451084122
44,4,23.021694123935383,8,noise,2,timepoints,summarised,139,end,1.2980420594633792
44,4,23.021694123935383,8,noise,2,timepoints,summarised,139,middle,1.402547055650733
49,8,62.028097595494785,8,noise,2,timepoints,summarised,140,end,97.70972555634852
49,8,62.028097595494785,8,noise,2,timepoints,summarised,140,middle,54.14468932598638
57,4,30.435236267857807,8,noise,2,timepoints,summarised,141,end,13.233280232525644
57,4,30.435236267857807,8,noise,2,timepoints,summarised,141,middle,10.307676971288393
59,4,62.93243927119488,4,noise,2,timepoints,summarised,142,end,68.61471861471861
59,4,62.93243927119488,4,noise,2,timepoints,summarised,142,middle,40.9844323890572
67,4,43.89685298894648,4,noise,2,timepoints,summarised,143,end,96.0866044207317
67,4,43.89685298894648,4,noise,2,timepoints,summarised,143,middle,53.450816701462145
67,8,58.387496374449086,8,noise,2,timepoints,summarised,144,end,99.97149620853658
67,8,58.387496374449086,8,noise,2,timepoints,summarised,144,middle,53.15683539038439
68,8,72.08041586095987,8,noise,2,timepoints,summarised,145,end,99.96254155546193
68,8,72.08041586095987,8,noise,2,timepoints,summarised,145,middle,53.134578579829345
70,4,71.20141264708735,4,noise,2,timepoints,summarised,146,end,98.30585663539485
70,4,71.20141264708735,4,noise,2,timepoints,summarised,146,middle,54.28871131377258
70,8,77.87214514271255,8,noise,2,timepoints,summarised,147,end,99.97502100506392
70,8,77.87214514271255,8,noise,2,timepoints,summarised,147,middle,53.155461598648
73,8,92.58164678982178,8,noise,2,timepoints,summarised,148,end,99.9927296285904
73,8,92.58164678982178,8,noise,2,timepoints,summarised,148,middle,52.849719514187285
74,4,70.96945801303923,4,noise,2,timepoints,summarised,149,end,99.23330390024336
74,4,70.96945801303923,4,noise,2,timepoints,summarised,149,middle,53.49013136362086
74,8,78.3486033174072,8,noise,2,timepoints,summarised,150,end,99.99785541186816
74,8,78.3486033174072,8,noise,2,timepoints,summarised,150,middle,52.7023804843784
75,4,93.8751431565289,4,noise,2,timepoints,summarised,151,end,99.31030078549075
75,4,93.8751431565289,4,noise,2,timepoints,summarised,151,middle,53.65011652341837
77,4,68.75101803920683,4,noise,2,timepoints,summarised,152,end,99.52709297765652
77,4,68.75101803920683,4,noise,2,timepoints,summarised,152,middle,53.518762991285065
78,8,66.52059314558062,8,noise,2,timepoints,summarised,153,end,100
78,8,66.52059314558062,8,noise,2,timepoints,summarised,153,middle,52.82832629108456
82,4,77.95913289295066,8,noise,2,timepoints,summarised,154,end,99.848840138757
82,4,77.95913289295066,8,noise,2,timepoints,summarised,154,middle,53.99484959902028
84,4,91.69634927854815,4,noise,2,timepoints,summarised,155,end,99.90325517869336
84,4,91.69634927854815,4,noise,2,timepoints,summarised,155,middle,53.72693787620506
84,8,76.71230645040504,8,noise,2,timepoints,summarised,156,end,100
84,8,76.71230645040504,8,noise,2,timepoints,summarised,156,middle,52.754195910029075
86,4,66.88702026366667,8,noise,2,timepoints,summarised,157,end,99.9370708323308
86,4,66.88702026366667,8,noise,2,timepoints,summarised,157,middle,53.56207713738274
96,8,70.94495992154253,8,noise,2,timepoints,summarised,158,end,100
96,8,70.94495992154253,8,noise,2,timepoints,summarised,158,middle,52.37359137055631
99,4,77.48680889659221,8,noise,2,timepoints,summarised,159,end,100
99,4,77.48680889659221,8,noise,2,timepoints,summarised,159,middle,53.19969764222769
99,8,60.50420770407083,8,noise,2,timepoints,summarised,160,end,100
99,8,60.50420770407083,8,noise,2,timepoints,summarised,160,middle,52.40497137624781
3,8,22.119549268024095,4,clean,3,timepoints,summarised,161,end,0.4596505321731257
3,8,22.119549268024095,4,clean,3,timepoints,summarised,161,middle,0.4140705213644365
4,4,21.88138426315827,4,clean,3,timepoints,summarised,162,end,0.5511811023622047
4,4,21.88138426315827,4,clean,3,timepoints,summarised,162,middle,0.3913387422747293
4,8,22.411369584635956,4,clean,3,timepoints,summarised,163,end,0.559083285921656
4,8,22.411369584635956,4,clean,3,timepoints,summarised,163,middle,0.4463195333232913
5,4,21.75265375945221,4,clean,3,timepoints,summarised,164,end,0.4502196946923245
5,4,21.75265375945221,4,clean,3,timepoints,summarised,164,middle,0.3739722778843498
6,8,21.67771967986337,4,clean,3,timepoints,summarised,165,end,0.5719439470020501
6,8,21.67771967986337,4,clean,3,timepoints,summarised,165,middle,0.4414547585021611
7,4,20.9777312923915,4,clean,3,timepoints,summarised,166,end,0.400173794593579
7,4,20.9777312923915,4,clean,3,timepoints,summarised,166,middle,0.3005695565322085
11,4,21.926836163727103,4,clean,3,timepoints,summarised,167,end,0.5280915358662168
11,4,21.926836163727103,4,clean,3,timepoints,summarised,167,middle,0.4048790149706994
22,4,22.631609556138287,4,clean,3,timepoints,summarised,168,end,0.6147074686176425
22,4,22.631609556138287,4,clean,3,timepoints,summarised,168,middle,0.5343429945753587
22,8,23.40204917848588,4,clean,3,timepoints,summarised,169,end,0.9232121922626024
22,8,23.40204917848588,4,clean,3,timepoints,summarised,169,middle,0.8900436575536994
25,4,22.48233610737313,4,clean,3,timepoints,summarised,170,end,0.6339546088500064
25,4,22.48233610737313,4,clean,3,timepoints,summarised,170,middle,0.6093731019211281
28,4,23.432652197739365,4,clean,3,timepoints,summarised,171,end,0.8250918338513704
28,4,23.432652197739365,4,clean,3,timepoints,summarised,171,middle,0.7616301741749592
31,8,27.72538312549672,8,clean,3,timepoints,summarised,172,end,2.9591889249137973
31,8,27.72538312549672,8,clean,3,timepoints,summarised,172,middle,2.057210014865141
32,4,23.626750536111217,4,clean,3,timepoints,summarised,173,end,1.037924151696607
32,4,23.626750536111217,4,clean,3,timepoints,summarised,173,middle,0.8178931087740039
34,8,30.874241256130976,8,clean,3,timepoints,summarised,174,end,4.908119257453591
34,8,30.874241256130976,8,clean,3,timepoints,summarised,174,middle,3.603495912568355
39,8,55.91288790218633,8,clean,3,timepoints,summarised,175,end,26.896127842655194
39,8,55.91288790218633,8,clean,3,timepoints,summarised,175,middle,16.654285147451922
40,8,60.18960075330256,4,clean,3,timepoints,summarised,176,end,54.6192731759742
40,8,60.18960075330256,4,clean,3,timepoints,summarised,176,middle,28.865411706414484
46,8,44.3269913046297,8,clean,3,timepoints,summarised,177,end,95.73421972923374
46,8,44.3269913046297,8,clean,3,timepoints,summarised,177,middle,59.81232047546917
47,4,26.220236904028415,8,clean,3,timepoints,summarised,178,end,2.3049106086721416
47,4,26.220236904028415,8,clean,3,timepoints,summarised,178,middle,1.797729299030453
50,4,26.589184820717325,8,clean,3,timepoints,summarised,179,end,2.218614718614719
50,4,26.589184820717325,8,clean,3,timepoints,summarised,179,middle,1.942897452159999
50,8,65.57808984651331,8,clean,3,timepoints,summarised,180,end,98.5177865612648
50,8,65.57808984651331,8,clean,3,timepoints,summarised,180,middle,54.244423594943974
51,4,25.261442988128856,8,clean,3,timepoints,summarised,181,end,1.9820552099290336
51,4,25.261442988128856,8,clean,3,timepoints,summarised,181,middle,2.1354273858091037
52,4,29.452565043736513,8,clean,3,timepoints,summarised,182,end,3.1553472413687467
52,4,29.452565043736513,8,clean,3,timepoints,summarised,182,middle,2.775634238979203
53,4,29.59506233635633,8,clean,3,timepoints,summarised,183,end,6.0674631909244505
53,4,29.59506233635633,8,clean,3,timepoints,summarised,183,middle,3.820851587676416
62,4,42.77001727978825,4,clean,3,timepoints,summarised,184,end,87.92903972232935
62,4,42.77001727978825,4,clean,3,timepoints,summarised,184,middle,50.85978316247195
63,4,48.62516473004433,4,clean,3,timepoints,summarised,185,end,91.9995956839259
63,4,48.62516473004433,4,clean,3,timepoints,summarised,185,middle,55.03706770538568
64,4,44.06027900108654,4,clean,3,timepoints,summarised,186,end,92.92190114638228
64,4,44.06027900108654,4,clean,3,timepoints,summarised,186,middle,54.715129346336866
68,4,62.54378537778513,4,clean,3,timepoints,summarised,187,end,96.79075437198182
68,4,62.54378537778513,4,clean,3,timepoints,summarised,187,middle,52.98489761059354
69,4,66.93986279757758,4,clean,3,timepoints,summarised,188,end,97.7954388389772
69,4,66.93986279757758,4,clean,3,timepoints,summarised,188,middle,53.931851262902065
71,4,58.70932704343272,4,clean,3,timepoints,summarised,189,end,97.98356139637808
71,4,58.70932704343272,4,clean,3,timepoints,summarised,189,middle,56.15563347180663
76,8,81.79085860560343,8,clean,3,timepoints,summarised,190,end,99.99790698647914
76,8,81.79085860560343,8,clean,3,timepoints,summarised,190,middle,52.816421107924846
79,4,73.89715723588773,4,clean,3,timepoints,summarised,191,end,99.74268253457704
79,4,73.89715723588773,4,clean,3,timepoints,summarised,191,middle,53.483792642765934
80,8,81.57312450740051,8,clean,3,timepoints,summarised,192,end,99.9986684775372
80,8,81.57312450740051,8,clean,3,timepoints,summarised,192,middle,52.79915836827282
88,8,81.7065204390729,8,clean,3,timepoints,summarised,193,end,100
88,8,81.7065204390729,8,clean,3,timepoints,summarised,193,middle,52.77614411190839
89,4,76.69634927590221,8,clean,3,timepoints,summarised,194,end,99.97488629700445
89,4,76.69634927590221,8,clean,3,timepoints,summarised,194,middle,53.533590983333696
90,4,78.78277796260392,4,clean,3,timepoints,summarised,195,end,99.98492683220525
90,4,78.78277796260392,4,clean,3,timepoints,summarised,195,middle,53.14537875894532
92,8,83.869075065175707,8,clean,3,timepoints,summarised,196,end,100
92,8,83.869075065175707,8,clean,3,timepoints,summarised,196,middle,52.41686709233422
93,4,76.17440472416342,8,clean,3,timepoints,summarised,197,end,100
93,4,76.17440472416342,8,clean,3,timepoints,summarised,197,middle,53.9259532652063
94,4,77.97584920305377,8,clean,3,timepoints,summarised,198,end,100
94,4,77.97584920305377,8,clean,3,timepoints,summarised,198,middle,53.48378817589923
97,8,83.92306574254059,8,clean,3,timepoints,summarised,199,end,100
97,8,83.92306574254059,8,clean,3,timepoints,summarised,199,middle,52.42557183249849
3,8,21.839706240009157,4,noise,3,timepoints,summarised,200,end,0.4596505321731257
3,8,21.839706240009157,4,noise,3,timepoints,summarised,200,middle,0.4140705213644365
4,4,21.89646965001444,4,noise,3,timepoints,summarised,201,end,0.5511811023622047
4,4,21.89646965001444,4,noise,3,timepoints,summarised,201,middle,0.3913387422747293
4,8,21.710611728724498,4,noise,3,timepoints,summarised,202,end,0.559083285921656
4,8,21.710611728724498,4,noise,3,timepoints,summarised,202,middle,0.4463195333232913
5,4,21.597489646315537,4,noise,3,timepoints,summarised,203,end,0.4502196946923245
5,4,21.597489646315537,4,noise,3,timepoints,summarised,203,middle,0.3739722778843498
6,8,21.26925363496956,4,noise,3,timepoints,summarised,204,end,0.5719439470020501
6,8,21.26925363496956,4,noise,3,timepoints,summarised,204,middle,0.4414547585021611
7,4,20.74031790961127,4,noise,3,timepoints,summarised,205,end,0.400173794593579
7,4,20.74031790961127,4,noise,3,timepoints,summarised,205,middle,0.3005695565322085
11,4,21.89926392655016,4,noise,3,timepoints,summarised,206,end,0.5280915358662168
11,4,21.89926392655016,4,noise,3,timepoints,summarised,206,middle,0.4048790149706994
22,4,22.09459680509945,4,noise,3,timepoints,summarised,207,end,0.6147074686176425
22,4,22.09459680509945,4,noise,3,timepoints,summarised,207,middle,0.5343429945753587
22,8,23.544612462887667,4,noise,3,timepoints,summarised,208,end,0.9232121922626024
22,8,23.544612462887667,4,noise,3,timepoints,summarised,208,middle,0.8900436575536994
25,4,22.16896042298226,4,noise,3,timepoints,summarised,209,end,0.6339546088500064
25,4,22.16896042298226,4,noise,3,timepoints,summarised,209,middle,0.6093731019211281
28,4,22.8329238543465,4,noise,3,timepoints,summarised,210,end,0.8250918338513704
28,4,22.8329238543465,4,noise,3,timepoints,summarised,210,middle,0.7616301741749592
31,8,28.298920958210022,8,noise,3,timepoints,summarised,211,end,2.9591889249137973
31,8,28.298920958210022,8,noise,3,timepoints,summarised,211,middle,2.057210014865141
32,4,23.929814290481648,4,noise,3,timepoints,summarised,212,end,1.037924151696607
32,4,23.929814290481648,4,noise,3,timepoints,summarised,212,middle,0.8178931087740039
34,8,28.27050916134044,8,noise,3,timepoints,summarised,213,end,4.908119257453591
34,8,28.27050916134044,8,noise,3,timepoints,summarised,213,middle,3.603495912568355
39,8,61.24060622793374,4,noise,3,timepoints,summarised,214,end,26.896127842655194
39,8,61.24060622793374,4,noise,3,timepoints,summarised,214,middle,16.654285147451922
40,8,68.15279887755952,4,noise,3,timepoints,summarised,215,end,54.6192731759742
40,8,68.15279887755952,4,noise,3,timepoints,summarised,215,middle,28.865411706414484
46,8,71.21661754225636,4,noise,3,timepoints,summarised,216,end,95.73421972923374
46,8,71.21661754225636,4,noise,3,timepoints,summarised,216,middle,59.81232047546917
47,4,25.813809962843077,8,noise,3,timepoints,summarised,217,end,2.3049106086721416
47,4,25.813809962843077,8,noise,3,timepoints,summarised,217,middle,1.797729299030453
50,4,26.677857206383617,8,noise,3,timepoints,summarised,218,end,2.218614718614719
50,4,26.677857206383617,8,noise,3,timepoints,summarised,218,middle,1.942897452159999
50,8,67.92769808197733,4,noise,3,timepoints,summarised,219,end,98.5177865612648
50,8,67.92769808197733,4,noise,3,timepoints,summarised,219,middle,54.244423594943974
51,4,25.11408341799673,8,noise,3,timepoints,summarised,220,end,1.9820552099290336
51,4,25.11408341799673,8,noise,3,timepoints,summarised,220,middle,2.1354273858091037
52,4,29.98134629223208,8,noise,3,timepoints,summarised,221,end,3.1553472413687467
52,4,29.98134629223208,8,noise,3,timepoints,summarised,221,middle,2.775634238979203
53,4,30.31388811958561,8,noise,3,timepoints,summarised,222,end,6.0674631909244505
53,4,30.31388811958561,8,noise,3,timepoints,summarised,222,middle,3.820851587676416
62,4,21.83651005357018,8,noise,3,timepoints,summarised,223,end,87.92903972232935
62,4,21.83651005357018,8,noise,3,timepoints,summarised,223,middle,50.85978316247195
63,4,28.111131003694595,8,noise,3,timepoints,summarised,224,end,91.9995956839259
63,4,28.111131003694595,8,noise,3,timepoints,summarised,224,middle,55.03706770538568
64,4,42.04313551761919,4,noise,3,timepoints,summarised,225,end,92.92190114638228
64,4,42.04313551761919,4,noise,3,timepoints,summarised,225,middle,54.715129346336866
68,4,18.705203193122543,8,noise,3,timepoints,summarised,226,end,96.79075437198182
68,4,18.705203193122543,8,noise,3,timepoints,summarised,226,middle,52.98489761059354
69,4,79.97711647237065,4,noise,3,timepoints,summarised,227,end,97.7954388389772
69,4,79.97711647237065,4,noise,3,timepoints,summarised,227,middle,53.931851262902065
71,4,50.10752004410824,8,noise,3,timepoints,summarised,228,end,97.98356139637808
71,4,50.10752004410824,8,noise,3,timepoints,summarised,228,middle,56.15563347180663
76,8,56.62503230318595,8,noise,3,timepoints,summarised,229,end,99.99790698647914
76,8,56.62503230318595,8,noise,3,timepoints,summarised,229,middle,52.816421107924846
79,4,65.56791975338757,8,noise,3,timepoints,summarised,230,end,99.74268253457704
79,4,65.56791975338757,8,noise,3,timepoints,summarised,230,middle,53.483792642765934
80,8,69.37732473679131,8,noise,3,timepoints,summarised,231,end,99.9986684775372
80,8,69.37732473679131,8,noise,3,timepoints,summarised,231,middle,52.79915836827282
88,8,69.09012868503845,8,noise,3,timepoints,summarised,232,end,100
88,8,69.09012868503845,8,noise,3,timepoints,summarised,232,middle,52.77614411190839
89,4,19.980063206253135,8,noise,3,timepoints,summarised,233,end,99.97488629700445
89,4,19.980063206253135,8,noise,3,timepoints,summarised,233,middle,53.533590983333696
90,4,65.85039181937873,4,noise,3,timepoints,summarised,234,end,99.98492683220525
90,4,65.85039181937873,4,noise,3,timepoints,summarised,234,middle,53.14537875894532
92,8,69.34382218225625,8,noise,3,timepoints,summarised,235,end,100
92,8,69.34382218225625,8,noise,3,timepoints,summarised,235,middle,52.41686709233422
93,4,57.75973014687765,8,noise,3,timepoints,summarised,236,end,100
93,4,57.75973014687765,8,noise,3,timepoints,summarised,236,middle,53.9259532652063
94,4,82.68684907511619,8,noise,3,timepoints,summarised,237,end,100
94,4,82.68684907511619,8,noise,3,timepoints,summarised,237,middle,53.48378817589923
97,8,112.74323295623202,4,noise,3,timepoints,summarised,238,end,100
97,8,112.74323295623202,4,noise,3,timepoints,summarised,238,middle,52.42557183249849
1,8,20.570797787885287,4,clean,4,timepoints,summarised,239,end,0.25650706861133
1,8,20.570797787885287,4,clean,4,timepoints,summarised,239,middle,0.25650706861133
6,4,21.978181337755423,4,clean,4,timepoints,summarised,240,end,0.5274888783474154
6,4,21.978181337755423,4,clean,4,timepoints,summarised,240,middle,0.427884849087916
8,8,21.923342473214216,4,clean,4,timepoints,summarised,241,end,0.6083202511773941
8,8,21.923342473214216,4,clean,4,timepoints,summarised,241,middle,0.4309971845462453
9,8,21.450673685436236,4,clean,4,timepoints,summarised,242,end,0.4155510503729158
9,8,21.450673685436236,4,clean,4,timepoints,summarised,242,middle,0.41137272572219474
11,8,22.191926916275076,4,clean,4,timepoints,summarised,243,end,0.5613566787789577
11,8,22.191926916275076,4,clean,4,timepoints,summarised,243,middle,0.5902452268582666
15,8,23.163668316221276,4,clean,4,timepoints,summarised,244,end,0.9051724137931036
15,8,23.163668316221276,4,clean,4,timepoints,summarised,244,middle,0.6992425462132231
16,4,22.28260347250399,4,clean,4,timepoints,summarised,245,end,0.5596465390279823
16,4,22.28260347250399,4,clean,4,timepoints,summarised,245,middle,0.536272892428697
16,8,22.149583135316625,4,clean,4,timepoints,summarised,246,end,0.6152014288549316
16,8,22.149583135316625,4,clean,4,timepoints,summarised,246,middle,0.7033953287085936
17,8,22.855674950689096,4,clean,4,timepoints,summarised,247,end,0.7449145258332538
17,8,22.855674950689096,4,clean,4,timepoints,summarised,247,middle,0.7033664111561514
20,4,22.29882370656676,4,clean,4,timepoints,summarised,248,end,0.5912584653964468
20,4,22.29882370656676,4,clean,4,timepoints,summarised,248,middle,0.4962172435513714
29,4,22.561192560284915,4,clean,4,timepoints,summarised,249,end,0.7528713524207287
29,4,22.561192560284915,4,clean,4,timepoints,summarised,249,middle,0.7193996975268434
33,8,25.614599992719683,8,clean,4,timepoints,summarised,250,end,2.4914461953640785
33,8,25.614599992719683,8,clean,4,timepoints,summarised,250,middle,2.428162825562874
34,4,23.467264522650133,4,clean,4,timepoints,summarised,251,end,1.006866278717958
34,4,23.467264522650133,4,clean,4,timepoints,summarised,251,middle,0.942537186864168
35,4,23.44671836466015,4,clean,4,timepoints,summarised,252,end,1.0037895079248624
35,4,23.44671836466015,4,clean,4,timepoints,summarised,252,middle,0.9423078072768364
35,8,32.04000655645048,4,clean,4,timepoints,summarised,253,end,4.075519651447763
35,8,32.04000655645048,4,clean,4,timepoints,summarised,253,middle,3.6933605223774895
39,4,23.96795802699491,4,clean,4,timepoints,summarised,254,end,1.0635686819929642
39,4,23.96795802699491,4,clean,4,timepoints,summarised,254,middle,1.010448922696478
41,4,23.466453913049307,4,clean,4,timepoints,summarised,255,end,1.1271890479347868
41,4,23.466453913049307,4,clean,4,timepoints,summarised,255,middle,1.1416801046246714
42,8,30.448699906896763,4,clean,4,timepoints,summarised,256,end,66.83081386471217
42,8,30.448699906896763,4,clean,4,timepoints,summarised,256,middle,46.116904852185165
47,8,47.91808288666891,8,clean,4,timepoints,summarised,257,end,96.51572668112796
47,8,47.91808288666891,8,clean,4,timepoints,summarised,257,middle,57.39518376237977
49,4,25.97946354766048,8,clean,4,timepoints,summarised,258,end,2.4224269853156644
49,4,25.97946354766048,8,clean,4,timepoints,summarised,258,middle,1.837446626954878
51,8,63.84638090765242,8,clean,4,timepoints,summarised,259,end,98.4763507197607
51,8,63.84638090765242,8,clean,4,timepoints,summarised,259,middle,54.416025788790265
54,4,29.328720026660704,8,clean,4,timepoints,summarised,260,end,4.489940409463685
54,4,29.328720026660704,8,clean,4,timepoints,summarised,260,middle,3.878383981141404
55,8,67.02575314771849,8,clean,4,timepoints,summarised,261,end,99.23706196333256
55,8,67.02575314771849,8,clean,4,timepoints,summarised,261,middle,55.7056033623374
59,8,73.24917643782987,8,clean,4,timepoints,summarised,262,end,99.76776214522968
59,8,73.24917643782987,8,clean,4,timepoints,summarised,262,middle,54.627742494748745
60,4,82.65935010759347,4,clean,4,timepoints,summarised,263,end,71.68850657877107
60,4,82.65935010759347,4,clean,4,timepoints,summarised,263,middle,49.50738685725223
60,8,78.6805224386427,8,clean,4,timepoints,summarised,264,end,99.80851063829788
60,8,78.6805224386427,8,clean,4,timepoints,summarised,264,middle,53.28823322363693
62,8,78.62908180833335,8,clean,4,timepoints,summarised,265,end,99.89208423191442
62,8,78.62908180833335,8,clean,4,timepoints,summarised,265,middle,53.42338471157955
66,4,53.84292002558641,4,clean,4,timepoints,summarised,266,end,94.80736208189228
66,4,53.84292002558641,4,clean,4,timepoints,summarised,266,middle,54.50059324630637
72,8,82.82351691881729,8,clean,4,timepoints,summarised,267,end,99.9874903292927
72,8,82.82351691881729,8,clean,4,timepoints,summarised,267,middle,52.70615251598905
73,4,70.29313095014936,4,clean,4,timepoints,summarised,268,end,99.1757644295594
73,4,70.29313095014936,4,clean,4,timepoints,summarised,268,middle,53.58116561241476
76,4,71.49442141019784,4,clean,4,timepoints,summarised,269,end,99.36582600113395
76,4,71.49442141019784,4,clean,4,timepoints,summarised,269,middle,54.09670052584048
78,4,75.03657669414906,4,clean,4,timepoints,summarised,270,end,99.61413553600644
78,4,75.03657669414906,4,clean,4,timepoints,summarised,270,middle,53.08731131593886
79,8,83.05290514424036,8,clean,4,timepoints,summarised,271,end,99.99932668094102
79,8,83.05290514424036,8,clean,4,timepoints,summarised,271,middle,52.8049871120972
81,8,82.64879537521279,8,clean,4,timepoints,summarised,272,end,99.99803555642865
81,8,82.64879537521279,8,clean,4,timepoints,summarised,272,middle,52.744524735510616
88,4,78.79720859731657,4,clean,4,timepoints,summarised,273,end,99.97098230384157
88,4,78.79720859731657,4,clean,4,timepoints,summarised,273,middle,53.15154478913781
90,8,82.70236557915968,8,clean,4,timepoints,summarised,274,end,100
90,8,82.70236557915968,8,clean,4,timepoints,summarised,274,middle,52.781720214880885
94,8,82.97610545621268,8,clean,4,timepoints,summarised,275,end,100
94,8,82.97610545621268,8,clean,4,timepoints,summarised,275,middle,52.77822403618739
95,4,78.50809647280278,8,clean,4,timepoints,summarised,276,end,99.99832200687976
95,4,78.50809647280278,8,clean,4,timepoints,summarised,276,middle,53.43776839383347
98,4,80.0121576368744,8,clean,4,timepoints,summarised,277,end,100
98,4,80.0121576368744,8,clean,4,timepoints,summarised,277,middle,53.26665525413318
98,8,84.54421792945737,8,clean,4,timepoints,summarised,278,end,100
98,8,84.54421792945737,8,clean,4,timepoints,summarised,278,middle,52.43007469688431
1,8,20.014719579794317,4,noise,4,timepoints,summarised,279,end,0.25650706861133
1,8,20.014719579794317,4,noise,4,timepoints,summarised,279,middle,0.25650706861133
6,4,21.90647249529132,4,noise,4,timepoints,summarised,280,end,0.5274888783474154
6,4,21.90647249529132,4,noise,4,timepoints,summarised,280,middle,0.427884849087916
8,8,21.960401654619027,4,noise,4,timepoints,summarised,281,end,0.6083202511773941
8,8,21.960401654619027,4,noise,4,timepoints,summarised,281,middle,0.4309971845462453
9,8,21.011725697348822,4,noise,4,timepoints,summarised,282,end,0.4155510503729158
9,8,21.011725697348822,4,noise,4,timepoints,summarised,282,middle,0.41137272572219474
11,8,21.788617995104858,4,noise,4,timepoints,summarised,283,end,0.5613566787789577
11,8,21.788617995104858,4,noise,4,timepoints,summarised,283,middle,0.5902452268582666
15,8,23.137702087897956,4,noise,4,timepoints,summarised,284,end,0.9051724137931036
15,8,23.137702087897956,4,noise,4,timepoints,summarised,284,middle,0.6992425462132231
16,4,22.04077182418615,4,noise,4,timepoints,summarised,285,end,0.5596465390279823
16,4,22.04077182418615,4,noise,4,timepoints,summarised,285,middle,0.536272892428697
16,8,21.930067452819497,4,noise,4,timepoints,summarised,286,end,0.6152014288549316
16,8,21.930067452819497,4,noise,4,timepoints,summarised,286,middle,0.7033953287085936
17,8,23.049478163719243,4,noise,4,timepoints,summarised,287,end,0.7449145258332538
17,8,23.049478163719243,4,noise,4,timepoints,summarised,287,middle,0.7033664111561514
20,4,22.099330275963116,4,noise,4,timepoints,summarised,288,end,0.5912584653964468
20,4,22.099330275963116,4,noise,4,timepoints,summarised,288,middle,0.4962172435513714
29,4,22.3612061865482,4,noise,4,timepoints,summarised,289,end,0.7528713524207287
29,4,22.3612061865482,4,noise,4,timepoints,summarised,289,middle,0.7193996975268434
33,8,25.289506559863355,8,noise,4,timepoints,summarised,290,end,2.4914461953640785
33,8,25.289506559863355,8,noise,4,timepoints,summarised,290,middle,2.428162825562874
34,4,23.645728040344245,4,noise,4,timepoints,summarised,291,end,1.006866278717958
34,4,23.645728040344245,4,noise,4,timepoints,summarised,291,middle,0.942537186864168
35,4,23.259966909898687,4,noise,4,timepoints,summarised,292,end,1.0037895079248624
35,4,23.259966909898687,4,noise,4,timepoints,summarised,292,middle,0.9423078072768364
35,8,32.71458775720887,4,noise,4,timepoints,summarised,293,end,4.075519651447763
35,8,32.71458775720887,4,noise,4,timepoints,summarised,293,middle,3.6933605223774895
39,4,23.82818621764293,4,noise,4,timepoints,summarised,294,end,1.0635686819929642
39,4,23.82818621764293,4,noise,4,timepoints,summarised,294,middle,1.010448922696478
41,4,23.277065704188605,4,noise,4,timepoints,summarised,295,end,1.1271890479347868
41,4,23.277065704188605,4,noise,4,timepoints,summarised,295,middle,1.1416801046246714
42,8,61.61023288034386,4,noise,4,timepoints,summarised,296,end,66.83081386471217
42,8,61.61023288034386,4,noise,4,timepoints,summarised,296,middle,46.116904852185165
47,8,62.771808208765606,4,noise,4,timepoints,summarised,297,end,96.51572668112796
47,8,62.771808208765606,4,noise,4,timepoints,summarised,297,middle,57.39518376237977
49,4,24.996711864698295,8,noise,4,timepoints,summarised,298,end,2.4224269853156644
49,4,24.996711864698295,8,noise,4,timepoints,summarised,298,middle,1.837446626954878
51,8,75.68408197258123,4,noise,4,timepoints,summarised,299,end,98.4763507197607
51,8,75.68408197258123,4,noise,4,timepoints,summarised,299,middle,54.416025788790265
54,4,28.25616554212392,8,noise,4,timepoints,summarised,300,end,4.489940409463685
54,4,28.25616554212392,8,noise,4,timepoints,summarised,300,middle,3.878383981141404
55,8,53.40472021724247,8,noise,4,timepoints,summarised,301,end,99.23706196333256
55,8,53.40472021724247,8,noise,4,timepoints,summarised,301,middle,55.7056033623374
59,8,46.10090037037543,8,noise,4,timepoints,summarised,302,end,99.76776214522968
59,8,46.10090037037543,8,noise,4,timepoints,summarised,302,middle,54.627742494748745
60,4,96.49491060054392,4,noise,4,timepoints,summarised,303,end,71.68850657877107
60,4,96.49491060054392,4,noise,4,timepoints,summarised,303,middle,49.50738685725223
60,8,101.75828587083612,4,noise,4,timepoints,summarised,304,end,99.80851063829788
60,8,101.75828587083612,4,noise,4,timepoints,summarised,304,middle,53.28823322363693
62,8,88.25010120740052,4,noise,4,timepoints,summarised,305,end,99.89208423191442
62,8,88.25010120740052,4,noise,4,timepoints,summarised,305,middle,53.42338471157955
66,4,34.2967482885702,4,noise,4,timepoints,summarised,306,end,94.80736208189228
66,4,34.2967482885702,4,noise,4,timepoints,summarised,306,middle,54.50059324630637
72,8,96.80982740151404,8,noise,4,timepoints,summarised,307,end,99.9874903292927
72,8,96.80982740151404,8,noise,4,timepoints,summarised,307,middle,52.70615251598905
73,4,81.80722592848804,4,noise,4,timepoints,summarised,308,end,99.1757644295594
73,4,81.80722592848804,4,noise,4,timepoints,summarised,308,middle,53.58116561241476
76,4,80.08709229910914,4,noise,4,timepoints,summarised,309,end,99.36582600113395
76,4,80.08709229910914,4,noise,4,timepoints,summarised,309,middle,54.09670052584048
78,4,109.25614820703844,4,noise,4,timepoints,summarised,310,end,99.61413553600644
78,4,109.25614820703844,4,noise,4,timepoints,summarised,310,middle,53.08731131593886
79,8,80.33828902327008,8,noise,4,timepoints,summarised,311,end,99.99932668094102
79,8,80.33828902327008,8,noise,4,timepoints,summarised,311,middle,52.8049871120972
81,8,80.43577329903735,8,noise,4,timepoints,summarised,312,end,99.99803555642865
81,8,80.43577329903735,8,noise,4,timepoints,summarised,312,middle,52.744524735510616
88,4,90.11025399335443,4,noise,4,timepoints,summarised,313,end,99.97098230384157
88,4,90.11025399335443,4,noise,4,timepoints,summarised,313,middle,53.15154478913781
90,8,64.80385042372723,8,noise,4,timepoints,summarised,314,end,100
90,8,64.80385042372723,8,noise,4,timepoints,summarised,314,middle,52.781720214880885
94,8,68.39786679186602,8,noise,4,timepoints,summarised,315,end,100
94,8,68.39786679186602,8,noise,4,timepoints,summarised,315,middle,52.77822403618739
95,4,64.2393058831571,8,noise,4,timepoints,summarised,316,end,99.99832200687976
95,4,64.2393058831571,8,noise,4,timepoints,summarised,316,middle,53.43776839383347
98,4,90.8446559298974,8,noise,4,timepoints,summarised,317,end,100
98,4,90.8446559298974,8,noise,4,timepoints,summarised,317,middle,53.26665525413318
98,8,64.03537694596588,8,noise,4,timepoints,summarised,318,end,100
98,8,64.03537694596588,8,noise,4,timepoints,summarised,318,middle,52.43007469688431
1,4,20.248059227160045,4,clean,5,timepoints,summarised,319,end,0.25650706861133
1,4,20.248059227160045,4,clean,5,timepoints,summarised,319,middle,0.25650706861133
2,8,21.005324025268415,4,clean,5,timepoints,summarised,320,end,0.5704384912701587
2,8,21.005324025268415,4,clean,5,timepoints,summarised,320,middle,0.3694058443385778
10,4,21.568217052940835,4,clean,5,timepoints,summarised,321,end,0.5574136008918618
10,4,21.568217052940835,4,clean,5,timepoints,summarised,321,middle,0.4126844709743704
13,4,21.76816312664357,4,clean,5,timepoints,summarised,322,end,0.4817535830422739
13,4,21.76816312664357,4,clean,5,timepoints,summarised,322,middle,0.4604051427642492
14,8,23.1473513247925,4,clean,5,timepoints,summarised,323,end,0.9360730593607304
14,8,23.1473513247925,4,clean,5,timepoints,summarised,323,middle,0.6309939433390497
19,4,21.850594753266908,4,clean,5,timepoints,summarised,324,end,0.5039241744351728
19,4,21.850594753266908,4,clean,5,timepoints,summarised,324,middle,0.5131139115460921
21,4,22.101243817226635,4,clean,5,timepoints,summarised,325,end,0.5219364599092284
21,4,22.101243817226635,4,clean,5,timepoints,summarised,325,middle,0.4986174073534737
23,4,23.05659013321292,4,clean,5,timepoints,summarised,326,end,0.8050643363379894
23,4,23.05659013321292,4,clean,5,timepoints,summarised,326,middle,0.6519947180882817
23,8,23.807145644733655,4,clean,5,timepoints,summarised,327,end,1.1282698653332608
23,8,23.807145644733655,4,clean,5,timepoints,summarised,327,middle,1.0673407189575863
25,8,25.149121596171124,4,clean,5,timepoints,summarised,328,end,1.2975560594608213
25,8,25.149121596171124,4,clean,5,timepoints,summarised,328,middle,1.2125692577330651
26,4,22.725099614262405,4,clean,5,timepoints,summarised,329,end,0.7021175856322144
26,4,22.725099614262405,4,clean,5,timepoints,summarised,329,middle,0.704279228052718
26,8,25.002463894114573,4,clean,5,timepoints,summarised,330,end,1.4655593551538837
26,8,25.002463894114573,4,clean,5,timepoints,summarised,330,middle,1.402074432734301
27,8,23.66915265636403,4,clean,5,timepoints,summarised,331,end,1.1481160501705332
27,8,23.66915265636403,4,clean,5,timepoints,summarised,331,middle,1.3948640115635698
28,8,28.79320538722575,8,clean,5,timepoints,summarised,332,end,2.4613460663938156
28,8,28.79320538722575,8,clean,5,timepoints,summarised,332,middle,1.7428319562999477
30,8,27.40934348974477,4,clean,5,timepoints,summarised,333,end,2.1527667038749803
30,8,27.40934348974477,4,clean,5,timepoints,summarised,333,middle,1.9009420189665112
31,4,22.710710852133257,4,clean,5,timepoints,summarised,334,end,0.7736448406599037
31,4,22.710710852133257,4,clean,5,timepoints,summarised,334,middle,0.7687858807463112
38,8,45.38182413631045,8,clean,5,timepoints,summarised,335,end,11.885383453599598
38,8,45.38182413631045,8,clean,5,timepoints,summarised,335,middle,7.713794958067538
40,4,23.07307215970368,4,clean,5,timepoints,summarised,336,end,0.9387233362626828
40,4,23.07307215970368,4,clean,5,timepoints,summarised,336,middle,0.9701466039656728
44,8,50.202065777404385,8,clean,5,timepoints,summarised,337,end,91.6516147677191
44,8,50.202065777404385,8,clean,5,timepoints,summarised,337,middle,56.15966930980313
45,8,52.796201240540256,8,clean,5,timepoints,summarised,338,end,93.70621948630864
45,8,52.796201240540256,8,clean,5,timepoints,summarised,338,middle,57.43833238434029
53,8,72.26678664380543,8,clean,5,timepoints,summarised,339,end,99.20680227142986
53,8,72.26678664380543,8,clean,5,timepoints,summarised,339,middle,54.15499755007118
54,8,70.18800432992424,8,clean,5,timepoints,summarised,340,end,99.3633952254642
54,8,70.18800432992424,8,clean,5,timepoints,summarised,340,middle,55.46991633973512
55,4,43.17047828534477,8,clean,5,timepoints,summarised,341,end,11.70889737359713
55,4,43.17047828534477,8,clean,5,timepoints,summarised,341,middle,6.744300741189016
56,8,74.42856480490818,8,clean,5,timepoints,summarised,342,end,99.53702388729512
56,8,74.42856480490818,8,clean,5,timepoints,summarised,342,middle,54.26569223000973
58,4,108.6077152470239,4,clean,5,timepoints,summarised,343,end,32.27722772277228
58,4,108.6077152470239,4,clean,5,timepoints,summarised,343,middle,15.244774477447743
58,8,77.81742254453542,8,clean,5,timepoints,summarised,344,end,99.629273650968
58,8,77.81742254453542,8,clean,5,timepoints,summarised,344,middle,53.629263572422566
61,8,78.11863133208684,8,clean,5,timepoints,summarised,345,end,99.82909578523912
61,8,78.11863133208684,8,clean,5,timepoints,summarised,345,middle,53.65477119606249
63,8,79.46975710797739,8,clean,5,timepoints,summarised,346,end,99.92308640011264
63,8,79.46975710797739,8,clean,5,timepoints,summarised,346,middle,53.35980583039335
65,4,56.77466444809755,4,clean,5,timepoints,summarised,347,end,95.14565483476132
65,4,56.77466444809755,4,clean,5,timepoints,summarised,347,middle,56.434989191745615
77,8,83.2516342596652,8,clean,5,timepoints,summarised,348,end,99.99793482301432
77,8,83.2516342596652,8,clean,5,timepoints,summarised,348,middle,52.859118224478294
80,4,72.19012154392996,4,clean,5,timepoints,summarised,349,end,99.77511990288365
80,4,72.19012154392996,4,clean,5,timepoints,summarised,349,middle,54.31140753457894
82,8,83.22515059291683,8,clean,5,timepoints,summarised,350,end,100
82,8,83.22515059291683,8,clean,5,timepoints,summarised,350,middle,52.72322677224639
83,4,76.08684289471685,4,clean,5,timepoints,summarised,351,end,99.87715223525348
83,4,76.08684289471685,4,clean,5,timepoints,summarised,351,middle,53.94417541579433
85,4,77.39753876915188,4,clean,5,timepoints,summarised,352,end,99.92675093439512
85,4,77.39753876915188,4,clean,5,timepoints,summarised,352,middle,53.419166211861224
87,4,77.73340057641693,4,clean,5,timepoints,summarised,353,end,99.95408125780618
87,4,77.73340057641693,4,clean,5,timepoints,summarised,353,middle,53.55647847809912
89,8,84.98519862187896,8,clean,5,timepoints,summarised,354,end,100
89,8,84.98519862187896,8,clean,5,timepoints,summarised,354,middle,52.3737900697377
93,8,82.56462574838116,8,clean,5,timepoints,summarised,355,end,100
93,8,82.56462574838116,8,clean,5,timepoints,summarised,355,middle,52.7909092118375
95,8,84.77444037186586,8,clean,5,timepoints,summarised,356,end,100
95,8,84.77444037186586,8,clean,5,timepoints,summarised,356,middle,52.37583240846205
97,4,79.79426260677286,8,clean,5,timepoints,summarised,357,end,100
97,4,79.79426260677286,8,clean,5,timepoints,summarised,357,middle,53.354633464845165
1,4,19.807941342827515,4,noise,5,timepoints,summarised,358,end,0.25650706861133
1,4,19.807941342827515,4,noise,5,timepoints,summarised,358,middle,0.25650706861133
2,8,20.95299623231252,4,noise,5,timepoints,summarised,359,end,0.5704384912701587
2,8,20.95299623231252,4,noise,5,timepoints,summarised,359,middle,0.3694058443385778
10,4,21.32832142282734,4,noise,5,timepoints,summarised,360,end,0.5574136008918618
10,4,21.32832142282734,4,noise,5,timepoints,summarised,360,middle,0.4126844709743704
13,4,21.685966854897742,4,noise,5,timepoints,summarised,361,end,0.4817535830422739
13,4,21.685966854897742,4,noise,5,timepoints,summarised,361,middle,0.4604051427642492
14,8,23.03070878273412,8,noise,5,timepoints,summarised,362,end,0.9360730593607304
14,8,23.03070878273412,8,noise,5,timepoints,summarised,362,middle,0.6309939433390497
19,4,21.68445869194483,4,noise,5,timepoints,summarised,363,end,0.5039241744351728
19,4,21.68445869194483,4,noise,5,timepoints,summarised,363,middle,0.5131139115460921
21,4,21.73485152980259,4,noise,5,timepoints,summarised,364,end,0.5219364599092284
21,4,21.73485152980259,4,noise,5,timepoints,summarised,364,middle,0.4986174073534737
23,4,22.62312625050315,4,noise,5,timepoints,summarised,365,end,0.8050643363379894
23,4,22.62312625050315,4,noise,5,timepoints,summarised,365,middle,0.6519947180882817
23,8,24.41578138654207,4,noise,5,timepoints,summarised,366,end,1.1282698653332608
23,8,24.41578138654207,4,noise,5,timepoints,summarised,366,middle,1.0673407189575863
25,8,23.83644874602294,8,noise,5,timepoints,summarised,367,end,1.2975560594608213
25,8,23.83644874602294,8,noise,5,timepoints,summarised,367,middle,1.2125692577330651
26,4,22.79865921239773,4,noise,5,timepoints,summarised,368,end,0.7021175856322144
26,4,22.79865921239773,4,noise,5,timepoints,summarised,368,middle,0.704279228052718
26,8,25.657706530174693,4,noise,5,timepoints,summarised,369,end,1.4655593551538837
26,8,25.657706530174693,4,noise,5,timepoints,summarised,369,middle,1.402074432734301
27,8,24.15672884375313,4,noise,5,timepoints,summarised,370,end,1.1481160501705332
27,8,24.15672884375313,4,noise,5,timepoints,summarised,370,middle,1.3948640115635698
28,8,28.52136990455498,8,noise,5,timepoints,summarised,371,end,2.4613460663938156
28,8,28.52136990455498,8,noise,5,timepoints,summarised,371,middle,1.7428319562999477
30,8,28.63126535362664,8,noise,5,timepoints,summarised,372,end,2.1527667038749803
30,8,28.63126535362664,8,noise,5,timepoints,summarised,372,middle,1.9009420189665112
31,4,22.005674313751744,4,noise,5,timepoints,summarised,373,end,0.7736448406599037
31,4,22.005674313751744,4,noise,5,timepoints,summarised,373,middle,0.7687858807463112
38,8,52.48964691751223,4,noise,5,timepoints,summarised,374,end,11.885383453599598
38,8,52.48964691751223,4,noise,5,timepoints,summarised,374,middle,7.713794958067538
40,4,23.010781710883528,4,noise,5,timepoints,summarised,375,end,0.9387233362626828
40,4,23.010781710883528,4,noise,5,timepoints,summarised,375,middle,0.9701466039656728
44,8,47.13012293969467,4,noise,5,timepoints,summarised,376,end,91.6516147677191
44,8,47.13012293969467,4,noise,5,timepoints,summarised,376,middle,56.15966930980313
45,8,5.055075877868148,8,noise,5,timepoints,summarised,377,end,93.70621948630864
45,8,5.055075877868148,8,noise,5,timepoints,summarised,377,middle,57.43833238434029
53,8,97.95239960466728,4,noise,5,timepoints,summarised,378,end,99.20680227142986
53,8,97.95239960466728,4,noise,5,timepoints,summarised,378,middle,54.15499755007118
54,8,48.97155479165872,8,noise,5,timepoints,summarised,379,end,99.3633952254642
54,8,48.97155479165872,8,noise,5,timepoints,summarised,379,middle,55.46991633973512
55,4,51.27453850168215,4,noise,5,timepoints,summarised,380,end,11.70889737359713
55,4,51.27453850168215,4,noise,5,timepoints,summarised,380,middle,6.744300741189016
56,8,90.84641256399112,4,noise,5,timepoints,summarised,381,end,99.53702388729512
56,8,90.84641256399112,4,noise,5,timepoints,summarised,381,middle,54.26569223000973
58,4,100.35180200741908,4,noise,5,timepoints,summarised,382,end,32.27722772277228
58,4,100.35180200741908,4,noise,5,timepoints,summarised,382,middle,15.244774477447743
58,8,47.60921881931472,8,noise,5,timepoints,summarised,383,end,99.629273650968
58,8,47.60921881931472,8,noise,5,timepoints,summarised,383,middle,53.629263572422566
61,8,111.55150841444396,4,noise,5,timepoints,summarised,384,end,99.82909578523912
61,8,111.55150841444396,4,noise,5,timepoints,summarised,384,middle,53.65477119606249
63,8,97.28493325673644,4,noise,5,timepoints,summarised,385,end,99.92308640011264
63,8,97.28493325673644,4,noise,5,timepoints,summarised,385,middle,53.35980583039335
65,4,50.442391013193685,4,noise,5,timepoints,summarised,386,end,95.14565483476132
65,4,50.442391013193685,4,noise,5,timepoints,summarised,386,middle,56.434989191745615
77,8,44.18792411247108,8,noise,5,timepoints,summarised,387,end,99.99793482301432
77,8,44.18792411247108,8,noise,5,timepoints,summarised,387,middle,52.859118224478294
80,4,84.5933617941381,4,noise,5,timepoints,summarised,388,end,99.77511990288365
80,4,84.5933617941381,4,noise,5,timepoints,summarised,388,middle,54.31140753457894
82,8,64.47887562372898,8,noise,5,timepoints,summarised,389,end,100
82,8,64.47887562372898,8,noise,5,timepoints,summarised,389,middle,52.72322677224639
83,4,55.621778799104504,8,noise,5,timepoints,summarised,390,end,99.87715223525348
83,4,55.621778799104504,8,noise,5,timepoints,summarised,390,middle,53.94417541579433
85,4,83.0162045154537,4,noise,5,timepoints,summarised,391,end,99.92675093439512
85,4,83.0162045154537,4,noise,5,timepoints,summarised,391,middle,53.419166211861224
87,4,64.93467069940849,8,noise,5,timepoints,summarised,392,end,99.95408125780618
87,4,64.93467069940849,8,noise,5,timepoints,summarised,392,middle,53.55647847809912
89,8,119.52006633874176,4,noise,5,timepoints,summarised,393,end,100
89,8,119.52006633874176,4,noise,5,timepoints,summarised,393,middle,52.3737900697377
93,8,93.4664993351625,4,noise,5,timepoints,summarised,394,end,100
93,8,93.4664993351625,4,noise,5,timepoints,summarised,394,middle,52.7909092118375
95,8,80.26995324239249,8,noise,5,timepoints,summarised,395,end,100
95,8,80.26995324239249,8,noise,5,timepoints,summarised,395,middle,52.37583240846205
97,4,77.04359246614456,8,noise,5,timepoints,summarised,396,end,100
97,4,77.04359246614456,8,noise,5,timepoints,summarised,396,middle,53.354633464845165
