,density,burn_percentage,directions,ticks
0,1.0,0.3236245954692557,4.0,13.0
1,1.0,0.46511627906976744,4.0,13.0
2,1.0,0.16666666666666669,4.0,13.0
3,1.0,0.16583747927031509,4.0,13.0
4,1.0,0.16129032258064516,4.0,13.0
5,1.0,0.6825938566552902,4.0,13.0
6,1.0,0.1567398119122257,4.0,13.0
7,1.0,0.15873015873015872,4.0,13.0
8,1.0,0.78125,4.0,13.0
9,1.0,0.15847860538827258,4.0,13.0
10,2.0,0.16273393002441008,4.0,13.0
11,2.0,0.3103180760279286,4.0,13.0
12,2.0,0.24590163934426232,4.0,13.0
13,2.0,0.15822784810126583,4.0,13.0
14,2.0,0.24429967426710095,4.0,13.0
15,2.0,0.2425222312045271,4.0,13.0
16,2.0,0.3918495297805642,4.0,13.0
17,2.0,0.16488046166529266,4.0,13.0
18,2.0,0.39370078740157477,4.0,14.0
19,2.0,0.5622489959839357,4.0,13.0
20,3.0,0.21621621621621623,4.0,13.0
21,3.0,0.42238648363252373,4.0,13.0
22,3.0,0.2653927813163482,4.0,13.0
23,3.0,0.41472265422498705,4.0,13.0
24,3.0,0.7096069868995634,4.0,13.0
25,3.0,0.3186404673393521,4.0,13.0
26,3.0,0.2616431187859759,4.0,13.0
27,3.0,0.37614185921547555,4.0,13.0
28,3.0,0.20844189682126105,4.0,13.0
29,3.0,0.6305832895428272,4.0,14.0
30,4.0,0.16142050040355124,4.0,13.0
31,4.0,0.6346687822292741,4.0,13.0
32,4.0,0.20894274968658588,4.0,13.0
33,4.0,0.4004805766920304,4.0,13.0
34,4.0,0.5511811023622047,4.0,14.0
35,4.0,0.5118110236220472,4.0,13.0
36,4.0,0.3946329913180742,4.0,13.0
37,4.0,0.5250403877221325,4.0,13.0
38,4.0,0.5537974683544303,4.0,14.0
39,4.0,0.31783869686134286,4.0,13.0
40,5.0,0.1929880990672242,4.0,13.0
41,5.0,0.37926675094816686,4.0,14.0
42,5.0,0.3639973527465255,4.0,13.0
43,5.0,0.4124365482233503,4.0,13.0
44,5.0,0.5211726384364821,4.0,14.0
45,5.0,0.31496062992125984,4.0,14.0
46,5.0,0.418140881312319,4.0,14.0
47,5.0,0.2302631578947368,4.0,13.0
48,5.0,0.347112653834017,4.0,14.0
49,5.0,0.2880921895006402,4.0,13.0
50,6.0,0.16034206306787815,4.0,13.0
51,6.0,0.5470174524615785,4.0,14.0
52,6.0,0.41174855888004397,4.0,14.0
53,6.0,0.39661554732945536,4.0,13.0
54,6.0,0.6237006237006237,4.0,14.0
55,6.0,0.28578851649779163,4.0,13.0
56,6.0,0.6670224119530417,4.0,13.0
57,6.0,0.5891805034815212,4.0,14.0
58,6.0,0.33933698773166276,4.0,13.0
59,6.0,0.3142183817753339,4.0,13.0
60,7.0,0.1601464195836193,4.0,13.0
61,7.0,0.315955766192733,4.0,13.0
62,7.0,0.42105263157894735,4.0,14.0
63,7.0,0.22639800769753224,4.0,13.0
64,7.0,0.37929495760821064,4.0,14.0
65,7.0,0.3106968486462494,4.0,13.0
66,7.0,0.5949656750572082,4.0,14.0
67,7.0,0.2985760220486909,4.0,13.0
68,7.0,0.36446469248291574,4.0,13.0
69,7.0,0.3429355281207133,4.0,13.0
70,8.0,0.1986886548778065,4.0,13.0
71,8.0,0.4116839835326407,4.0,15.0
72,8.0,0.5919575423555827,4.0,14.0
73,8.0,0.7201440288057611,4.0,14.0
74,8.0,0.3548895899053628,4.0,13.0
75,8.0,0.29667721518987344,4.0,13.0
76,8.0,0.3003003003003003,4.0,13.0
77,8.0,0.40184850311432585,4.0,14.0
78,8.0,0.4619401486242217,4.0,14.0
79,8.0,0.6577636037472593,4.0,15.0
80,9.0,0.2651113467656416,4.0,15.0
81,9.0,0.471039776692254,4.0,14.0
82,9.0,0.4105676544091396,4.0,17.0
83,9.0,0.472193074501574,4.0,14.0
84,9.0,0.34958923265163433,4.0,13.0
85,9.0,0.44349831470640416,4.0,16.0
86,9.0,0.3744650499286733,4.0,14.0
87,9.0,0.598368087035358,4.0,14.0
88,9.0,0.6737588652482269,4.0,15.0
89,9.0,0.6950632685795759,4.0,17.0
90,10.0,0.2703132453490221,4.0,15.0
91,10.0,0.5370399620912968,4.0,14.0
92,10.0,0.5574136008918618,4.0,16.0
93,10.0,0.4303474657315907,4.0,14.0
94,10.0,0.2683080808080808,4.0,13.0
95,10.0,0.5266418835192069,4.0,15.0
96,10.0,0.7260406582768635,4.0,15.0
97,10.0,0.5499838240051763,4.0,15.0
98,10.0,0.49418141240235935,4.0,14.0
99,10.0,0.6395906619763352,4.0,15.0
100,11.0,0.34507548526240117,4.0,15.0
101,11.0,0.4163077806488659,4.0,14.0
102,11.0,0.36221385105766446,4.0,14.0
103,11.0,0.37270642201834864,4.0,15.0
104,11.0,0.5280915358662168,4.0,16.0
105,11.0,0.371322479291631,4.0,15.0
106,11.0,0.5890148726255338,4.0,15.0
107,11.0,0.4765450483991065,4.0,14.0
108,11.0,0.47516198704103674,4.0,14.0
109,11.0,0.4382761139517896,4.0,16.0
110,12.0,0.3310381355932203,4.0,15.0
111,12.0,0.4789781798829164,4.0,14.0
112,12.0,0.5941931127616475,4.0,16.0
113,12.0,0.49280767181672885,4.0,15.0
114,12.0,0.4272363150867824,4.0,15.0
115,12.0,0.636604774535809,4.0,15.0
116,12.0,0.49865229110512127,4.0,15.0
117,12.0,0.5752508361204014,4.0,14.0
118,12.0,0.34386985848432744,4.0,15.0
119,12.0,0.3218884120171674,4.0,14.0
120,13.0,0.36710719530102787,4.0,15.0
121,13.0,0.5128205128205128,4.0,16.0
122,13.0,0.4613466334164589,4.0,16.0
123,13.0,0.47899778924097275,4.0,15.0
124,13.0,0.4817535830422739,4.0,17.0
125,13.0,0.5182596119079185,4.0,14.0
126,13.0,0.6087712759348988,4.0,14.0
127,13.0,0.5062978513213139,4.0,16.0
128,13.0,0.4878048780487805,4.0,15.0
129,13.0,0.468384074941452,4.0,15.0
130,14.0,0.4114755972111099,4.0,15.0
131,14.0,0.4452054794520548,4.0,15.0
132,14.0,0.4497751124437781,4.0,16.0
133,14.0,0.4000457195108012,4.0,15.0
134,14.0,0.3418803418803419,4.0,15.0
135,14.0,0.3933910306845004,4.0,14.0
136,14.0,0.566604995374653,4.0,16.0
137,14.0,0.5239259517988124,4.0,14.0
138,14.0,0.6128007262823423,4.0,19.0
139,14.0,0.49215978024493534,4.0,16.0
140,15.0,0.41542394546229233,4.0,15.0
141,15.0,0.47523497729432884,4.0,16.0
142,15.0,0.49542272482498656,4.0,15.0
143,15.0,0.42544139544777704,4.0,16.0
144,15.0,0.5747738158594997,4.0,17.0
145,15.0,0.4663487016428193,4.0,15.0
146,15.0,0.515630035449565,4.0,16.0
147,15.0,0.37776578521316784,4.0,15.0
148,15.0,0.5065963060686016,4.0,16.0
149,15.0,0.41427660930529,4.0,15.0
150,16.0,0.49004900490049,4.0,15.0
151,16.0,0.6253101736972705,4.0,16.0
152,16.0,0.47746941211578636,4.0,15.0
153,16.0,0.5288893324019559,4.0,15.0
154,16.0,0.5596465390279823,4.0,18.0
155,16.0,0.5197607139354713,4.0,17.0
156,16.0,0.563097033685269,4.0,15.0
157,16.0,0.5342203406914625,4.0,16.0
158,16.0,0.591715976331361,4.0,15.0
159,16.0,0.42523033309709424,4.0,16.0
160,17.0,0.4700573469963335,4.0,15.0
161,17.0,0.5709472107824785,4.0,14.0
162,17.0,0.6103286384976526,4.0,16.0
163,17.0,0.6185567010309279,4.0,17.0
164,17.0,0.47855869381627103,4.0,15.0
165,17.0,0.42719167904903416,4.0,14.0
166,17.0,0.653038046564452,4.0,15.0
167,17.0,0.5155605549306337,4.0,16.0
168,17.0,0.4304294937774867,4.0,16.0
169,17.0,0.5611147479659591,4.0,16.0
170,18.0,0.5066666666666666,4.0,16.0
171,18.0,0.49938671806553353,4.0,16.0
172,18.0,0.40823571175008877,4.0,14.0
173,18.0,0.42338528060535086,4.0,18.0
174,18.0,0.5404934181849883,4.0,15.0
175,18.0,0.6170662905500706,4.0,17.0
176,18.0,0.5001339644547647,4.0,16.0
177,18.0,0.5837608349548912,4.0,17.0
178,18.0,0.5063066263990051,4.0,17.0
179,18.0,0.5654281098546041,4.0,18.0
180,19.0,0.5302137687258037,4.0,16.0
181,19.0,0.4980906524987548,4.0,16.0
182,19.0,0.46272926131583375,4.0,17.0
183,19.0,0.5294167876355563,4.0,16.0
184,19.0,0.5451190875545119,4.0,17.0
185,19.0,0.4943857885034356,4.0,17.0
186,19.0,0.5987014082131714,4.0,17.0
187,19.0,0.6094464195022855,4.0,17.0
188,19.0,0.5842506350550382,4.0,17.0
189,19.0,0.6632653061224489,4.0,16.0
190,20.0,0.5361715749039693,4.0,16.0
191,20.0,0.4466422076886266,4.0,15.0
192,20.0,0.423525651270577,4.0,15.0
193,20.0,0.42840142800476,4.0,15.0
194,20.0,0.6463453558889243,4.0,16.0
195,20.0,0.6585733555502659,4.0,21.0
196,20.0,0.6108342710175213,4.0,16.0
197,20.0,0.6012988054197066,4.0,16.0
198,20.0,0.5772005772005772,4.0,15.0
199,20.0,0.4436915133914166,4.0,16.0
200,21.0,0.542647508407215,4.0,16.0
201,21.0,0.4736129905277402,4.0,16.0
202,21.0,0.4625066343164759,4.0,15.0
203,21.0,0.4923834436067087,4.0,15.0
204,21.0,0.5219364599092284,4.0,19.0
205,21.0,0.575278177276512,4.0,17.0
206,21.0,0.5221932114882507,4.0,18.0
207,21.0,0.6657483930211203,4.0,19.0
208,21.0,0.5331708431716048,4.0,18.0
209,21.0,0.6025027035377722,4.0,16.0
210,22.0,0.5816066884769174,4.0,18.0
211,22.0,0.5565996819430389,4.0,16.0
212,22.0,0.42203303499963624,4.0,16.0
213,22.0,0.46366731869883365,4.0,16.0
214,22.0,0.6478082487583675,4.0,18.0
215,22.0,0.5795001810938066,4.0,17.0
216,22.0,0.4441208591190389,4.0,16.0
217,22.0,0.585051923358198,4.0,18.0
218,22.0,0.5465675557498907,4.0,15.0
219,22.0,0.6885055805189157,4.0,20.0
220,23.0,0.605427974947808,4.0,18.0
221,23.0,0.5942099081047467,4.0,18.0
222,23.0,0.6168988701739794,4.0,17.0
223,23.0,0.6383725008768852,4.0,16.0
224,23.0,0.8050643363379894,4.0,19.0
225,23.0,0.5573138846841889,4.0,17.0
226,23.0,0.6337488683055923,4.0,17.0
227,23.0,0.608859962208692,4.0,17.0
228,23.0,0.590359772190582,4.0,17.0
229,23.0,0.4851004851004851,4.0,16.0
230,24.0,0.6316909368974001,4.0,18.0
231,24.0,0.591210668068055,4.0,19.0
232,24.0,0.5648591174906964,4.0,16.0
233,24.0,0.6036484245439468,4.0,17.0
234,24.0,0.790722192936215,4.0,20.0
235,24.0,0.564109370852137,4.0,18.0
236,24.0,0.5463024650233178,4.0,17.0
237,24.0,0.5979173664763184,4.0,19.0
238,24.0,0.5045140732873075,4.0,18.0
239,24.0,0.5338198526927496,4.0,19.0
240,25.0,0.6198875255623723,4.0,18.0
241,25.0,0.711945564516129,4.0,19.0
242,25.0,0.48966613672496023,4.0,19.0
243,25.0,0.5914116739521729,4.0,17.0
244,25.0,0.6339546088500064,4.0,22.0
245,25.0,0.4472557664047026,4.0,15.0
246,25.0,0.49207566462167684,4.0,22.0
247,25.0,0.7857786938039417,4.0,19.0
248,25.0,0.6201253036696075,4.0,22.0
249,25.0,0.7984420642648491,4.0,18.0
250,26.0,0.6935493770330816,4.0,18.0
251,26.0,0.6479743232604614,4.0,19.0
252,26.0,0.814152791380999,4.0,18.0
253,26.0,0.7562608480039673,4.0,19.0
254,26.0,0.6094588005850805,4.0,17.0
255,26.0,0.6714276994445462,4.0,19.0
256,26.0,0.6239189523103533,4.0,20.0
257,26.0,0.5126621371216801,4.0,18.0
258,26.0,0.5292633392824174,4.0,17.0
259,26.0,0.509953305480462,4.0,16.0
260,27.0,0.7104375111005862,4.0,19.0
261,27.0,0.7716139591979891,4.0,22.0
262,27.0,0.7783936784998231,4.0,18.0
263,27.0,0.7267528444629773,4.0,18.0
264,27.0,0.8260589372546722,4.0,23.0
265,27.0,0.7938858937140825,4.0,23.0
266,27.0,0.5463182897862233,4.0,16.0
267,27.0,0.8380884450784594,4.0,20.0
268,27.0,0.6755962871577958,4.0,17.0
269,27.0,0.6203769983297542,4.0,17.0
270,28.0,0.6963867800673554,4.0,19.0
271,28.0,0.7843801139890525,4.0,20.0
272,28.0,0.6983874630933454,4.0,22.0
273,28.0,0.8039046798736722,4.0,19.0
274,28.0,0.8250918338513704,4.0,25.0
275,28.0,0.5982565096005926,4.0,17.0
276,28.0,0.8648834412051091,4.0,21.0
277,28.0,0.6520993021393433,4.0,19.0
278,28.0,0.5940820290186222,4.0,17.0
279,28.0,0.7755946225439504,4.0,22.0
280,29.0,0.74828060522696,4.0,19.0
281,29.0,0.6470007676280294,4.0,20.0
282,29.0,0.7528713524207287,4.0,21.0
283,29.0,0.6381089779158805,4.0,20.0
284,29.0,0.8107367844426184,4.0,20.0
285,29.0,0.6821432500825173,4.0,22.0
286,29.0,0.7297252473879152,4.0,17.0
287,29.0,0.5677120652593287,4.0,16.0
288,29.0,0.7549457210558219,4.0,19.0
289,29.0,0.5966521186674769,4.0,19.0
290,30.0,0.7492826017642683,4.0,19.0
291,30.0,0.7517602837630367,4.0,22.0
292,30.0,0.7387329931972789,4.0,19.0
293,30.0,0.9979720354360124,4.0,26.0
294,30.0,0.7528763056041567,4.0,22.0
295,30.0,0.6801636643817418,4.0,18.0
296,30.0,0.7700946574683138,4.0,21.0
297,30.0,0.7810009563277016,4.0,20.0
298,30.0,0.8423072822262502,4.0,19.0
299,30.0,0.8186264086753137,4.0,19.0
300,31.0,0.7723200494284831,4.0,19.0
301,31.0,0.7175439495669109,4.0,20.0
302,31.0,0.7849776820070802,4.0,20.0
303,31.0,0.7954428820691778,4.0,21.0
304,31.0,0.7736448406599037,4.0,22.0
305,31.0,0.8276358402302987,4.0,21.0
306,31.0,0.5724600309437855,4.0,19.0
307,31.0,0.9042334566378957,4.0,23.0
308,31.0,0.7457350086832158,4.0,20.0
309,31.0,0.7754743317996174,4.0,19.0
310,32.0,0.7619521912350598,4.0,19.0
311,32.0,0.6428144309348216,4.0,19.0
312,32.0,1.037924151696607,4.0,24.0
313,32.0,0.6940630149298448,4.0,22.0
314,32.0,0.9527117550736862,4.0,23.0
315,32.0,0.6173761513567338,4.0,20.0
316,32.0,0.569743615373082,4.0,17.0
317,32.0,0.6317779325440255,4.0,19.0
318,32.0,0.8967943318634495,4.0,19.0
319,32.0,0.6015339114742594,4.0,19.0
320,33.0,0.794874265343482,4.0,19.0
321,33.0,0.7261461005954398,4.0,19.0
322,33.0,0.8459418958766375,4.0,28.0
323,33.0,0.6722120127671921,4.0,19.0
324,33.0,0.7500721223194537,4.0,23.0
325,33.0,0.920944210169163,4.0,23.0
326,33.0,0.7018569966369352,4.0,23.0
327,33.0,0.5353783822891044,4.0,18.0
328,33.0,0.858617529303941,4.0,23.0
329,33.0,0.8237473191655292,4.0,20.0
330,34.0,0.9066691592279291,4.0,23.0
331,34.0,1.1567216814783468,4.0,23.0
332,34.0,0.6852208194490074,4.0,18.0
333,34.0,0.9799324831207802,4.0,23.0
334,34.0,0.9841417910447761,4.0,23.0
335,34.0,0.8146543605198718,4.0,21.0
336,34.0,0.8394642520279192,4.0,20.0
337,34.0,0.7593403521848505,4.0,25.0
338,34.0,0.9514435695538057,4.0,25.0
339,34.0,0.80251548714098,4.0,21.0
340,35.0,0.9122265589543432,4.0,23.0
341,35.0,1.003146231361999,4.0,21.0
342,35.0,1.1095383772430483,4.0,27.0
343,35.0,0.8022243493322393,4.0,22.0
344,35.0,0.8980406386066764,4.0,27.0
345,35.0,0.831695836951058,4.0,21.0
346,35.0,0.7464053484751351,4.0,18.0
347,35.0,0.8060843428363239,4.0,20.0
348,35.0,0.8731241473396999,4.0,28.0
349,35.0,0.9033258816551849,4.0,27.0
350,36.0,0.9133024487094639,4.0,23.0
351,36.0,0.9704883320834621,4.0,30.0
352,36.0,0.9183266048533784,4.0,22.0
353,36.0,0.8629464088153296,4.0,19.0
354,36.0,1.1187948729242831,4.0,35.0
355,36.0,0.9129369850812736,4.0,36.0
356,36.0,0.9956690628209135,4.0,24.0
357,36.0,0.9865074098650741,4.0,24.0
358,36.0,1.0893632096359933,4.0,30.0
359,36.0,0.9846290933392737,4.0,22.0
360,37.0,0.9240555292904113,4.0,23.0
361,37.0,0.9134182426347612,4.0,25.0
362,37.0,1.1151295961422545,4.0,36.0
363,37.0,0.7288881221426723,4.0,22.0
364,37.0,1.1958851264466352,4.0,23.0
365,37.0,0.8676134156343074,4.0,22.0
366,37.0,1.059413646977428,4.0,27.0
367,37.0,0.6811755633621798,4.0,21.0
368,37.0,0.8421414453897053,4.0,20.0
369,37.0,1.0315981101816132,4.0,19.0
370,38.0,0.9640776292073605,4.0,23.0
371,38.0,1.081467766369298,4.0,26.0
372,38.0,0.8405480373203329,4.0,34.0
373,38.0,0.901618720120775,4.0,31.0
374,38.0,1.0732033240071825,4.0,29.0
375,38.0,0.9251860885655411,4.0,23.0
376,38.0,1.0191190095173923,4.0,23.0
377,38.0,0.9436325678496869,4.0,21.0
378,38.0,0.9333221222567898,4.0,24.0
379,38.0,0.8687661849469551,4.0,22.0
380,39.0,1.0537493873550072,4.0,23.0
381,39.0,0.8951929365598431,4.0,22.0
382,39.0,1.0635686819929642,4.0,35.0
383,39.0,0.9858463552319399,4.0,23.0
384,39.0,1.1111563352191787,4.0,23.0
385,39.0,0.9830022527134958,4.0,21.0
386,39.0,0.7291495985580863,4.0,21.0
387,39.0,0.7679424860095584,4.0,21.0
388,39.0,1.2104550490336876,4.0,41.0
389,39.0,1.0729526519000203,4.0,22.0
390,40.0,1.1146940562920498,4.0,23.0
391,40.0,0.9026640571953509,4.0,27.0
392,40.0,0.7591497522774493,4.0,24.0
393,40.0,0.9387233362626828,4.0,30.0
394,40.0,1.1554746547425903,4.0,25.0
395,40.0,1.1828644501278773,4.0,26.0
396,40.0,1.1932409706094338,4.0,27.0
397,40.0,1.3273464886368114,4.0,29.0
398,40.0,0.9835543344084737,4.0,29.0
399,40.0,1.134238070601345,4.0,24.0
400,41.0,1.250194129523218,4.0,24.0
401,41.0,1.2698660018697414,4.0,31.0
402,41.0,1.1271890479347868,4.0,32.0
403,41.0,0.8389326911873228,4.0,25.0
404,41.0,1.2999035679845707,4.0,31.0
405,41.0,1.0068560235063664,4.0,24.0
406,41.0,1.2133547301264238,4.0,26.0
407,41.0,0.8610417067076687,4.0,28.0
408,41.0,1.0805158591843849,4.0,22.0
409,41.0,1.0618580585373387,4.0,28.0
410,42.0,1.2294306790240213,4.0,24.0
411,42.0,1.2010981468771447,4.0,25.0
412,42.0,0.8937740082911803,4.0,25.0
413,42.0,1.361815754339119,4.0,27.0
414,42.0,1.4143845922359315,4.0,36.0
415,42.0,1.284060075667826,4.0,28.0
416,42.0,1.451152161493049,4.0,36.0
417,42.0,1.1087724573404496,4.0,26.0
418,42.0,1.1719939117199392,4.0,31.0
419,42.0,1.2252591894439209,4.0,25.0
420,43.0,1.2333825701624814,4.0,24.0
421,43.0,1.3459750883063766,4.0,40.0
422,43.0,1.4274562283929966,4.0,31.0
423,43.0,1.5321680922275938,4.0,37.0
424,43.0,1.290179887938661,4.0,25.0
425,43.0,1.1442841701144284,4.0,23.0
426,43.0,1.310547674894821,4.0,29.0
427,43.0,1.1888888888888889,4.0,35.0
428,43.0,1.2958963282937366,4.0,28.0
429,43.0,1.3120449421591456,4.0,34.0
430,44.0,1.2679719673434,4.0,25.0
431,44.0,1.1768539976825028,4.0,39.0
432,44.0,1.3610133197836896,4.0,29.0
433,44.0,1.2980420594633792,4.0,43.0
434,44.0,2.0572128548782245,4.0,41.0
435,44.0,1.4125118621797212,4.0,36.0
436,44.0,1.3610133197836896,4.0,43.0
437,44.0,1.074215205951733,4.0,27.0
438,44.0,1.5245009074410165,4.0,41.0
439,44.0,1.7227708498522307,4.0,35.0
440,45.0,1.2523880280195288,4.0,25.0
441,45.0,2.199667574353715,4.0,39.0
442,45.0,1.3225074457523756,4.0,29.0
443,45.0,1.1272198787706922,4.0,34.0
444,45.0,1.4857264140931763,4.0,31.0
445,45.0,0.9844688488467143,4.0,37.0
446,45.0,2.0415396611611256,4.0,52.0
447,45.0,1.8853987125822222,4.0,35.0
448,45.0,1.4704311603232811,4.0,35.0
449,45.0,1.7344307464057365,4.0,43.0
450,46.0,1.3295938506284408,4.0,28.0
451,46.0,1.6347355268638069,4.0,33.0
452,46.0,1.1842745016322846,4.0,31.0
453,46.0,1.4330823415108087,4.0,32.0
454,46.0,1.3953007648315303,4.0,32.0
455,46.0,1.7960542283554661,4.0,34.0
456,46.0,1.3471861471861473,4.0,25.0
457,46.0,2.3103673862892955,4.0,71.0
458,46.0,1.3295743273815739,4.0,26.0
459,46.0,1.433778857837181,4.0,31.0
460,47.0,1.477765726681128,4.0,29.0
461,47.0,2.1524755168661587,4.0,48.0
462,47.0,1.459507161767701,4.0,37.0
463,47.0,2.0515428958969144,4.0,41.0
464,47.0,2.3049106086721416,4.0,50.0
465,47.0,1.9985700180450106,4.0,43.0
466,47.0,2.5554124584830205,4.0,53.0
467,47.0,1.3369074683587256,4.0,26.0
468,47.0,1.799775028121485,4.0,43.0
469,47.0,1.495180681856885,4.0,31.0
470,48.0,1.5802403558860634,4.0,30.0
471,48.0,2.2844827586206895,4.0,42.0
472,48.0,1.9896366172855908,4.0,36.0
473,48.0,2.08236466290269,4.0,63.0
474,48.0,2.317727302827627,4.0,44.0
475,48.0,3.086029729639852,4.0,55.0
476,48.0,1.913907284768212,4.0,62.0
477,48.0,2.410156379145039,4.0,65.0
478,48.0,2.07909227432004,4.0,48.0
479,48.0,1.536205804925189,4.0,35.0
480,49.0,1.6819571865443423,4.0,30.0
481,49.0,2.4224269853156644,4.0,62.0
482,49.0,1.8182409575852199,4.0,35.0
483,49.0,1.6970642738710622,4.0,39.0
484,49.0,1.6725009723842863,4.0,45.0
485,49.0,1.9070984625449787,4.0,44.0
486,49.0,2.461257976298997,4.0,71.0
487,49.0,2.1545560899519045,4.0,45.0
488,49.0,1.9569471624266144,4.0,38.0
489,49.0,2.2684555058655778,4.0,44.0
490,50.0,1.9348463598112968,4.0,41.0
491,50.0,2.218614718614719,4.0,52.0
492,50.0,2.3446733748602457,4.0,40.0
493,50.0,1.6221374045801527,4.0,44.0
494,50.0,1.848910350085774,4.0,36.0
495,50.0,1.92689964732286,4.0,37.0
496,50.0,1.7110326622777723,4.0,41.0
497,50.0,2.308376198641011,4.0,41.0
498,50.0,3.134505170812922,4.0,74.0
499,50.0,2.08792965627498,4.0,50.0
500,51.0,2.1838829438742087,4.0,41.0
501,51.0,2.248627744510978,4.0,43.0
502,51.0,1.8192635270541082,4.0,47.0
503,51.0,2.7340823970037453,4.0,47.0
504,51.0,1.9820552099290338,4.0,56.0
505,51.0,2.1722168471645706,4.0,41.0
506,51.0,3.588576417035605,4.0,73.0
507,51.0,3.7920164788864263,4.0,72.0
508,51.0,2.4953212726138494,4.0,46.0
509,51.0,2.5700640945079805,4.0,43.0
510,52.0,2.9013894839933894,4.0,70.0
511,52.0,1.6021115953594007,4.0,36.0
512,52.0,2.549739822467095,4.0,48.0
513,52.0,2.922087908707822,4.0,64.0
514,52.0,3.1553472413687467,4.0,139.0
515,52.0,3.5290848462393476,4.0,74.0
516,52.0,3.6920347485623397,4.0,87.0
517,52.0,3.4582044291971696,4.0,71.0
518,52.0,2.542607093505297,4.0,63.0
519,52.0,3.268735434809273,4.0,76.0
520,53.0,3.5068213233968386,4.0,60.0
521,53.0,2.9621848739495795,4.0,67.0
522,53.0,6.0674631909244505,4.0,104.0
523,53.0,2.046827567551321,4.0,35.0
524,53.0,4.016341734506894,4.0,79.0
525,53.0,3.5078219013237066,4.0,68.0
526,53.0,3.3216888514123952,4.0,83.0
527,53.0,4.0540135033758435,4.0,48.0
528,53.0,3.864864864864865,4.0,85.0
529,53.0,4.101520993351347,4.0,69.0
530,54.0,4.489940409463685,4.0,95.0
531,54.0,3.927474604299551,4.0,68.0
532,54.0,4.565146915799711,4.0,79.0
533,54.0,3.174884187542416,4.0,57.0
534,54.0,4.886717014660151,4.0,73.0
535,54.0,2.982787078519217,4.0,70.0
536,54.0,3.01174521463862,4.0,63.0
537,54.0,3.35140901413459,4.0,60.0
538,54.0,3.825136612021858,4.0,92.0
539,54.0,3.600567577155019,4.0,74.0
540,55.0,6.529358940934504,4.0,155.0
541,55.0,2.7919369786839665,4.0,41.0
542,55.0,6.042234727620816,4.0,98.0
543,55.0,3.9102749638205503,4.0,55.0
544,55.0,11.70889737359713,4.0,176.0
545,55.0,3.027756852291824,4.0,55.0
546,55.0,6.626801860357628,4.0,207.0
547,55.0,6.500839752128337,4.0,102.0
548,55.0,5.4185200161746865,4.0,103.0
549,55.0,4.875083229597892,4.0,83.0
550,56.0,10.844264860711949,4.0,209.0
551,56.0,7.424091233071989,4.0,121.0
552,56.0,9.18500824660183,4.0,154.0
553,56.0,12.106606180890275,4.0,258.0
554,56.0,7.448494453248812,4.0,121.0
555,56.0,6.478817060315109,4.0,115.0
556,56.0,10.227240245819637,4.0,264.0
557,56.0,3.461811975536908,4.0,67.0
558,56.0,6.592156528168813,4.0,138.0
559,56.0,8.456797104727437,4.0,126.0
560,57.0,15.89059484856112,4.0,210.0
561,57.0,18.017840560542535,4.0,227.0
562,57.0,8.194424989494326,4.0,116.0
563,57.0,13.233280232525644,4.0,232.0
564,57.0,10.39935074021213,4.0,161.0
565,57.0,14.634214341474294,4.0,196.0
566,57.0,14.87504183867009,4.0,233.0
567,57.0,13.054895935186478,4.0,200.0
568,57.0,25.10977711077761,4.0,389.0
569,57.0,8.269495187585935,4.0,122.0
570,58.0,19.06933304032524,4.0,239.0
571,58.0,16.187773767872393,4.0,256.0
572,58.0,18.312101910828023,4.0,275.0
573,58.0,32.27722772277228,4.0,706.0
574,58.0,13.272997359154928,4.0,217.0
575,58.0,32.46133596577822,4.0,309.0
576,58.0,22.14407385021155,4.0,238.0
577,58.0,15.04043865661412,4.0,236.0
578,58.0,15.48455920566755,4.0,282.0
579,58.0,28.156301596037427,4.0,284.0
580,59.0,33.629609617722544,4.0,455.0
581,59.0,68.61471861471861,4.0,841.0
582,59.0,29.49440474585412,4.0,361.0
583,59.0,16.89243887959415,4.0,221.0
584,59.0,25.154090526487277,4.0,392.0
585,59.0,35.59508478214209,4.0,455.0
586,59.0,28.53742968411943,4.0,472.0
587,59.0,33.81233013105137,4.0,448.0
588,59.0,23.07671550770393,4.0,242.0
589,59.0,21.013420833221268,4.0,252.0
590,60.0,48.873419066850886,4.0,434.0
591,60.0,66.77791021056814,4.0,480.0
592,60.0,74.20329816002969,4.0,601.0
593,60.0,71.68850657877107,4.0,775.0
594,60.0,44.50928381962865,4.0,548.0
595,60.0,68.83765405864854,4.0,623.0
596,60.0,74.57344655186097,4.0,592.0
597,60.0,61.65118513773222,4.0,642.0
598,60.0,10.5267341423348,4.0,145.0
599,60.0,68.84566326530613,4.0,709.0
600,61.0,82.40102371252482,4.0,547.0
601,61.0,83.95664664403239,4.0,539.0
602,61.0,69.1501594104427,4.0,556.0
603,61.0,82.06527415143603,4.0,518.0
604,61.0,81.01674609995572,4.0,705.0
605,61.0,86.4812789668281,4.0,483.0
606,61.0,83.88713424342879,4.0,502.0
607,61.0,80.12277951933125,4.0,513.0
608,61.0,68.29242847082757,4.0,515.0
609,61.0,78.80363426290636,4.0,570.0
610,62.0,86.60003083406136,4.0,504.0
611,62.0,89.40720392287747,4.0,501.0
612,62.0,86.30632943895236,4.0,480.0
613,62.0,87.92903972232935,4.0,506.0
614,62.0,89.96983023113111,4.0,445.0
615,62.0,86.61657605908299,4.0,519.0
616,62.0,89.31722581307069,4.0,477.0
617,62.0,86.60250141540995,4.0,519.0
618,62.0,83.8215969699312,4.0,425.0
619,62.0,88.72780457764549,4.0,573.0
620,63.0,91.9995956839259,4.0,485.0
621,63.0,89.80311564418734,4.0,476.0
622,63.0,91.61779575328615,4.0,450.0
623,63.0,90.70314277767945,4.0,459.0
624,63.0,90.20901536136994,4.0,471.0
625,63.0,91.125382417638,4.0,439.0
626,63.0,91.98807809855776,4.0,497.0
627,63.0,91.01857262633705,4.0,488.0
628,63.0,90.63441813346842,4.0,462.0
629,63.0,92.06826041955924,4.0,474.0
630,64.0,93.74004777070064,4.0,441.0
631,64.0,92.9889022195561,4.0,422.0
632,64.0,92.92190114638228,4.0,453.0
633,64.0,93.3361598124548,4.0,442.0
634,64.0,93.49245104389855,4.0,429.0
635,64.0,93.07329192546584,4.0,504.0
636,64.0,93.22143478801442,4.0,447.0
637,64.0,93.59388993929744,4.0,417.0
638,64.0,89.62916718691471,4.0,431.0
639,64.0,93.49619842951515,4.0,409.0
640,65.0,95.14565483476132,4.0,432.0
641,65.0,94.3167899661947,4.0,396.0
642,65.0,94.35242808840104,4.0,392.0
643,65.0,95.13402263929044,4.0,395.0
644,65.0,90.72725935730568,4.0,430.0
645,65.0,94.63481495985901,4.0,400.0
646,65.0,94.41294359174896,4.0,441.0
647,65.0,94.34809272660371,4.0,399.0
648,65.0,93.00636007827788,4.0,419.0
649,65.0,91.43115809048423,4.0,427.0
650,66.0,96.24192459743516,4.0,375.0
651,66.0,94.80736208189228,4.0,413.0
652,66.0,95.26943942133815,4.0,390.0
653,66.0,95.4015481373972,4.0,399.0
654,66.0,95.5622369212267,4.0,406.0
655,66.0,95.24649163063694,4.0,397.0
656,66.0,95.16344310432694,4.0,387.0
657,66.0,95.57076852367015,4.0,413.0
658,66.0,95.64356435643563,4.0,400.0
659,66.0,95.47298276111835,4.0,419.0
660,67.0,96.89523493275776,4.0,367.0
661,67.0,96.0866044207317,4.0,391.0
662,67.0,96.58865434725443,4.0,385.0
663,67.0,96.2051452439719,4.0,370.0
664,67.0,97.30541755382067,4.0,377.0
665,67.0,96.2461070299313,4.0,384.0
666,67.0,96.7386660337052,4.0,377.0
667,67.0,95.89011722100447,4.0,394.0
668,67.0,96.5421227986673,4.0,378.0
669,67.0,96.44622991347343,4.0,394.0
670,68.0,97.4822918858265,4.0,362.0
671,68.0,96.79075437198182,4.0,374.0
672,68.0,96.6879913127641,4.0,367.0
673,68.0,97.04406938584154,4.0,368.0
674,68.0,97.55278198996851,4.0,370.0
675,68.0,97.39287558079505,4.0,381.0
676,68.0,96.86279124499883,4.0,368.0
677,68.0,97.56188696870622,4.0,372.0
678,68.0,96.99133692343713,4.0,377.0
679,68.0,96.03860185947983,4.0,385.0
680,69.0,97.85625374579318,4.0,358.0
681,69.0,97.3889555822329,4.0,360.0
682,69.0,97.46773857238838,4.0,363.0
683,69.0,97.91122111447804,4.0,348.0
684,69.0,97.79543883897719,4.0,370.0
685,69.0,97.5493485756601,4.0,374.0
686,69.0,97.24798293610313,4.0,361.0
687,69.0,97.80420226275687,4.0,360.0
688,69.0,97.56153935051427,4.0,374.0
689,69.0,97.0742023192582,4.0,377.0
690,70.0,98.38782924613987,4.0,354.0
691,70.0,97.62830570525503,4.0,351.0
692,70.0,97.77910201462264,4.0,350.0
693,70.0,98.38595691325658,4.0,347.0
694,70.0,98.30585663539483,4.0,361.0
695,70.0,98.01490530346196,4.0,352.0
696,70.0,97.90461440349839,4.0,350.0
697,70.0,98.00698582288885,4.0,357.0
698,70.0,97.89649186917595,4.0,356.0
699,70.0,98.42871131555576,4.0,351.0
700,71.0,98.60548405148293,4.0,344.0
701,71.0,98.28177923330567,4.0,345.0
702,71.0,97.98356139637808,4.0,367.0
703,71.0,98.36956521739131,4.0,341.0
704,71.0,98.35461247976983,4.0,347.0
705,71.0,98.58696871145004,4.0,345.0
706,71.0,98.4567901234568,4.0,344.0
707,71.0,98.45484514812406,4.0,346.0
708,71.0,98.4112716568167,4.0,355.0
709,71.0,98.5456673945834,4.0,350.0
710,72.0,98.80079505300353,4.0,334.0
711,72.0,98.47459875315029,4.0,348.0
712,72.0,98.97545971543006,4.0,338.0
713,72.0,98.62807576562224,4.0,355.0
714,72.0,98.7402651841066,4.0,340.0
715,72.0,98.88787764434282,4.0,346.0
716,72.0,98.54628581574451,4.0,339.0
717,72.0,98.86955753775501,4.0,347.0
718,72.0,98.83256460618367,4.0,341.0
719,72.0,98.86779960273671,4.0,335.0
720,73.0,98.95894587825329,4.0,328.0
721,73.0,98.97578126706121,4.0,331.0
722,73.0,99.15550124383537,4.0,334.0
723,73.0,99.1757644295594,4.0,339.0
724,73.0,99.00084895187095,4.0,336.0
725,73.0,98.9509498157074,4.0,345.0
726,73.0,98.80936747647188,4.0,351.0
727,73.0,99.01637194255612,4.0,336.0
728,73.0,99.04726687403476,4.0,336.0
729,73.0,98.98567759348744,4.0,330.0
730,74.0,99.17895370330568,4.0,326.0
731,74.0,99.12501885735222,4.0,330.0
732,74.0,99.23350199160296,4.0,326.0
733,74.0,99.21124089478901,4.0,331.0
734,74.0,99.23330390024336,4.0,332.0
735,74.0,99.13400378201823,4.0,336.0
736,74.0,99.11011043207891,4.0,327.0
737,74.0,99.15453467054891,4.0,335.0
738,74.0,99.197400697164,4.0,329.0
739,74.0,99.2072188204963,4.0,333.0
740,75.0,99.39083924098993,4.0,320.0
741,75.0,99.29839481237377,4.0,323.0
742,75.0,99.28840696344614,4.0,326.0
743,75.0,99.31030078549077,4.0,327.0
744,75.0,99.35410092967112,4.0,325.0
745,75.0,99.32382147185778,4.0,326.0
746,75.0,99.35859315266332,4.0,327.0
747,75.0,99.40304214819851,4.0,324.0
748,75.0,99.42319562394908,4.0,326.0
749,75.0,99.32952833591479,4.0,322.0
750,76.0,99.50144538941723,4.0,318.0
751,76.0,99.40607357971835,4.0,323.0
752,76.0,99.43210288959412,4.0,323.0
753,76.0,99.44273353864203,4.0,323.0
754,76.0,99.36582600113395,4.0,326.0
755,76.0,99.38630966141947,4.0,321.0
756,76.0,99.4311502938707,4.0,323.0
757,76.0,99.38936103242052,4.0,328.0
758,76.0,99.5172428268581,4.0,321.0
759,76.0,99.41589275959154,4.0,323.0
760,77.0,99.56175710594314,4.0,316.0
761,77.0,99.51720851204907,4.0,319.0
762,77.0,99.53689346482251,4.0,319.0
763,77.0,99.52717695609796,4.0,319.0
764,77.0,99.63071463937943,4.0,316.0
765,77.0,99.55765931499204,4.0,324.0
766,77.0,99.59163367260214,4.0,315.0
767,77.0,99.47001221456225,4.0,320.0
768,77.0,99.64084784820113,4.0,319.0
769,77.0,99.49140978726044,4.0,321.0
770,78.0,99.61839071077281,4.0,312.0
771,78.0,99.55855303494788,4.0,314.0
772,78.0,99.66971803706498,4.0,314.0
773,78.0,99.66885386643773,4.0,310.0
774,78.0,99.59872896891677,4.0,312.0
775,78.0,99.601324828263,4.0,314.0
776,78.0,99.54905095724183,4.0,316.0
777,78.0,99.6255907686642,4.0,313.0
778,78.0,99.67160952128418,4.0,316.0
779,78.0,99.66205899717025,4.0,311.0
780,79.0,99.70383801752796,4.0,306.0
781,79.0,99.64294359719197,4.0,310.0
782,79.0,99.72561283163522,4.0,309.0
783,79.0,99.74268253457703,4.0,312.0
784,79.0,99.73402111711131,4.0,308.0
785,79.0,99.74925179972499,4.0,311.0
786,79.0,99.71433744392364,4.0,312.0
787,79.0,99.73219499426132,4.0,309.0
788,79.0,99.72161704187849,4.0,310.0
789,79.0,99.78866435874728,4.0,308.0
790,80.0,99.77708337479848,4.0,306.0
791,80.0,99.7190731406029,4.0,310.0
792,80.0,99.77853152434159,4.0,311.0
793,80.0,99.81900272490402,4.0,306.0
794,80.0,99.77511990288363,4.0,313.0
795,80.0,99.75112987038844,4.0,308.0
796,80.0,99.80139421262736,4.0,306.0
797,80.0,99.75485799701046,4.0,306.0
798,80.0,99.76596255400864,4.0,311.0
799,80.0,99.78670387720521,4.0,310.0
800,81.0,99.81907215481131,4.0,301.0
801,81.0,99.83862079823663,4.0,305.0
802,81.0,99.86865063028092,4.0,305.0
803,81.0,99.82539775959822,4.0,303.0
804,81.0,99.79174034343197,4.0,302.0
805,81.0,99.81483305426967,4.0,304.0
806,81.0,99.81647393140467,4.0,305.0
807,81.0,99.76180164573408,4.0,304.0
808,81.0,99.85832349468713,4.0,305.0
809,81.0,99.74585287048347,4.0,306.0
810,82.0,99.8679380862675,4.0,300.0
811,82.0,99.84636328276935,4.0,302.0
812,82.0,99.87930228936303,4.0,304.0
813,82.0,99.85835968877937,4.0,300.0
814,82.0,99.848840138757,4.0,305.0
815,82.0,99.84994056087152,4.0,302.0
816,82.0,99.8856500503915,4.0,300.0
817,82.0,99.83284417578572,4.0,302.0
818,82.0,99.86603502504563,4.0,301.0
819,82.0,99.80594205429742,4.0,300.0
820,83.0,99.87914596481805,4.0,297.0
821,83.0,99.88283875924326,4.0,299.0
822,83.0,99.91220703870525,4.0,298.0
823,83.0,99.90013827008757,4.0,301.0
824,83.0,99.87715223525348,4.0,304.0
825,83.0,99.87855655794587,4.0,298.0
826,83.0,99.86003527877905,4.0,299.0
827,83.0,99.89074599401978,4.0,301.0
828,83.0,99.90794016110472,4.0,302.0
829,83.0,99.91159796290958,4.0,299.0
830,84.0,99.90137692978796,4.0,295.0
831,84.0,99.90325517869337,4.0,300.0
832,84.0,99.90494477291307,4.0,295.0
833,84.0,99.92035196844421,4.0,298.0
834,84.0,99.91455263557648,4.0,297.0
835,84.0,99.9164038454231,4.0,296.0
836,84.0,99.92422950881779,4.0,298.0
837,84.0,99.89977686169208,4.0,294.0
838,84.0,99.90336699698732,4.0,300.0
839,84.0,99.92040781519452,4.0,297.0
840,85.0,99.92501077970041,4.0,294.0
841,85.0,99.93054121534101,4.0,294.0
842,85.0,99.94396503418133,4.0,294.0
843,85.0,99.92675093439513,4.0,295.0
844,85.0,99.96257134836718,4.0,294.0
845,85.0,99.93435243364907,4.0,295.0
846,85.0,99.94566337524124,4.0,295.0
847,85.0,99.93074792243767,4.0,294.0
848,85.0,99.93071290799797,4.0,294.0
849,85.0,99.92135126025242,4.0,295.0
850,86.0,99.9443847095028,4.0,293.0
851,86.0,99.94613069807185,4.0,292.0
852,86.0,99.93707083233079,4.0,294.0
853,86.0,99.95369684397689,4.0,291.0
854,86.0,99.95929619419415,4.0,292.0
855,86.0,99.93518158416208,4.0,294.0
856,86.0,99.94811548011711,4.0,292.0
857,86.0,99.94811451866951,4.0,296.0
858,86.0,99.94647767750033,4.0,291.0
859,86.0,99.9239219179099,4.0,291.0
860,87.0,99.95969367190649,4.0,289.0
861,87.0,99.9596833308899,4.0,288.0
862,87.0,99.95408125780618,4.0,291.0
863,87.0,99.97435474711949,4.0,289.0
864,87.0,99.97250934682208,4.0,288.0
865,87.0,99.95601414878215,4.0,289.0
866,87.0,99.96342556187481,4.0,290.0
867,87.0,99.96518361064281,4.0,289.0
868,87.0,99.9651567944251,4.0,295.0
869,87.0,99.95043506994162,4.0,289.0
870,88.0,99.9728310088752,4.0,288.0
871,88.0,99.96375498368974,4.0,288.0
872,88.0,99.96547526029836,4.0,288.0
873,88.0,99.98186796250295,4.0,288.0
874,88.0,99.97826992376365,4.0,286.0
875,88.0,99.97466246787563,4.0,287.0
876,88.0,99.9764599366229,4.0,289.0
877,88.0,99.98368234974164,4.0,290.0
878,88.0,99.97823839834612,4.0,286.0
879,88.0,99.98190471020393,4.0,286.0
880,89.0,99.97673044910233,4.0,285.0
881,89.0,99.98025985212836,4.0,287.0
882,89.0,99.97306856742732,4.0,286.0
883,89.0,99.96951274188052,4.0,287.0
884,89.0,99.98745587154812,4.0,286.0
885,89.0,99.98564687729873,4.0,285.0
886,89.0,99.96950727341213,4.0,287.0
887,89.0,99.97490769616805,4.0,286.0
888,89.0,99.98215146268763,4.0,284.0
889,89.0,99.98567514817267,4.0,285.0
890,90.0,99.98583945481901,4.0,284.0
891,90.0,99.98227547457417,4.0,283.0
892,90.0,99.98401420959148,4.0,284.0
893,90.0,99.98758931262522,4.0,283.0
894,90.0,99.98939010804406,4.0,283.0
895,90.0,99.99115685962398,4.0,283.0
896,90.0,99.98935075077206,4.0,286.0
897,90.0,99.9893628337411,4.0,284.0
898,90.0,99.99114087776184,4.0,284.0
899,90.0,99.98587445925664,4.0,284.0
900,91.0,99.99299866974725,4.0,282.0
901,91.0,99.99474080956472,4.0,281.0
902,91.0,99.98595382319375,4.0,287.0
903,91.0,99.99300955942748,4.0,281.0
904,91.0,99.98946998947,4.0,282.0
905,91.0,99.9930166378603,4.0,280.0
906,91.0,99.99649872203355,4.0,281.0
907,91.0,99.98598777433311,4.0,281.0
908,91.0,99.98951617130575,4.0,282.0
909,91.0,99.99650831893014,4.0,280.0
910,92.0,99.99653757595692,4.0,280.0
911,92.0,100.0,4.0,281.0
912,92.0,100.0,4.0,280.0
913,92.0,99.99480087345326,4.0,278.0
914,92.0,99.99480096355475,4.0,280.0
915,92.0,99.99134094175918,4.0,279.0
916,92.0,99.9930737130093,4.0,279.0
917,92.0,99.98612676666956,4.0,280.0
918,92.0,99.99653337493284,4.0,278.0
919,92.0,99.99479979199168,4.0,283.0
920,93.0,99.996573875803,4.0,278.0
921,93.0,100.0,4.0,282.0
922,93.0,99.99828834534344,4.0,278.0
923,93.0,99.99143747645306,4.0,277.0
924,93.0,99.99828731931218,4.0,277.0
925,93.0,99.99829004291992,4.0,277.0
926,93.0,99.99656717186454,4.0,277.0
927,93.0,99.99656646466035,4.0,277.0
928,93.0,99.99828720197314,4.0,278.0
929,93.0,99.99658084589872,4.0,277.0
930,94.0,99.99830528581354,4.0,275.0
931,94.0,100.0,4.0,277.0
932,94.0,99.99830537197086,4.0,276.0
933,94.0,99.99830304264454,4.0,276.0
934,94.0,99.99830772354971,4.0,276.0
935,94.0,100.0,4.0,276.0
936,94.0,99.9983006202736,4.0,276.0
937,94.0,100.0,4.0,275.0
938,94.0,99.99661647775334,4.0,276.0
939,94.0,99.99660884751684,4.0,275.0
940,95.0,100.0,4.0,273.0
941,95.0,100.0,4.0,275.0
942,95.0,99.99832478976111,4.0,273.0
943,95.0,99.99832200687977,4.0,276.0
944,95.0,100.0,4.0,274.0
945,95.0,100.0,4.0,275.0
946,95.0,99.99832037220551,4.0,273.0
947,95.0,100.0,4.0,273.0
948,95.0,99.99664660216965,4.0,273.0
949,95.0,100.0,4.0,274.0
950,96.0,100.0,4.0,272.0
951,96.0,100.0,4.0,273.0
952,96.0,99.9983403040563,4.0,272.0
953,96.0,99.99833983564372,4.0,273.0
954,96.0,100.0,4.0,271.0
955,96.0,100.0,4.0,272.0
956,96.0,99.99834060700596,4.0,272.0
957,96.0,100.0,4.0,272.0
958,96.0,100.0,4.0,272.0
959,96.0,99.99833762779487,4.0,272.0
960,97.0,100.0,4.0,271.0
961,97.0,100.0,4.0,270.0
962,97.0,100.0,4.0,270.0
963,97.0,100.0,4.0,270.0
964,97.0,100.0,4.0,270.0
965,97.0,100.0,4.0,271.0
966,97.0,100.0,4.0,270.0
967,97.0,100.0,4.0,271.0
968,97.0,100.0,4.0,270.0
969,97.0,100.0,4.0,271.0
970,98.0,100.0,4.0,268.0
971,98.0,100.0,4.0,268.0
972,98.0,100.0,4.0,268.0
973,98.0,100.0,4.0,268.0
974,98.0,100.0,4.0,270.0
975,98.0,100.0,4.0,268.0
976,98.0,100.0,4.0,268.0
977,98.0,100.0,4.0,268.0
978,98.0,100.0,4.0,268.0
979,98.0,100.0,4.0,268.0
980,99.0,100.0,4.0,266.0
981,99.0,100.0,4.0,267.0
982,99.0,100.0,4.0,266.0
983,99.0,100.0,4.0,266.0
984,99.0,100.0,4.0,266.0
985,99.0,100.0,4.0,266.0
986,99.0,100.0,4.0,266.0
987,99.0,100.0,4.0,266.0
988,99.0,100.0,4.0,266.0
989,99.0,100.0,4.0,266.0
990,1.0,0.3236245954692557,8.0,13.0
991,1.0,0.46511627906976744,8.0,13.0
992,1.0,0.16666666666666669,8.0,13.0
993,1.0,0.16583747927031509,8.0,13.0
994,1.0,0.16129032258064516,8.0,13.0
995,1.0,0.6825938566552902,8.0,13.0
996,1.0,0.1567398119122257,8.0,13.0
997,1.0,0.15873015873015872,8.0,13.0
998,1.0,0.78125,8.0,13.0
999,1.0,0.15847860538827258,8.0,13.0
1000,2.0,0.16273393002441008,8.0,13.0
1001,2.0,0.3103180760279286,8.0,13.0
1002,2.0,0.32786885245901637,8.0,14.0
1003,2.0,0.2331002331002331,8.0,13.0
1004,2.0,0.8130081300813009,8.0,14.0
1005,2.0,0.39370078740157477,8.0,13.0
1006,2.0,0.39308176100628933,8.0,13.0
1007,2.0,0.5747126436781609,8.0,14.0
1008,2.0,0.39215686274509803,8.0,13.0
1009,2.0,0.47770700636942676,8.0,13.0
1010,3.0,0.21621621621621623,8.0,13.0
1011,3.0,0.5353319057815845,8.0,14.0
1012,3.0,0.3181336161187699,8.0,14.0
1013,3.0,0.5254860746190226,8.0,14.0
1014,3.0,0.4751847940865892,8.0,13.0
1015,3.0,0.3184713375796179,8.0,13.0
1016,3.0,0.5216484089723527,8.0,14.0
1017,3.0,0.43360433604336046,8.0,13.0
1018,3.0,0.6774361646690985,8.0,14.0
1019,3.0,0.5851063829787234,8.0,13.0
1020,4.0,0.16142050040355124,8.0,13.0
1021,4.0,0.7140023800079334,8.0,14.0
1022,4.0,0.5629272215520708,8.0,14.0
1023,4.0,0.4003202562049639,8.0,14.0
1024,4.0,0.3929273084479371,8.0,13.0
1025,4.0,0.4263565891472868,8.0,13.0
1026,4.0,0.23659305993690852,8.0,13.0
1027,4.0,0.36319612590799033,8.0,14.0
1028,4.0,0.276789244760775,8.0,13.0
1029,4.0,0.27844073190135243,8.0,14.0
1030,5.0,0.1929880990672242,8.0,13.0
1031,5.0,0.6347191367819739,8.0,15.0
1032,5.0,0.35335689045936397,8.0,14.0
1033,5.0,0.538998097653773,8.0,15.0
1034,5.0,0.53475935828877,8.0,15.0
1035,5.0,0.4360012457178449,8.0,15.0
1036,5.0,0.41827541827541825,8.0,14.0
1037,5.0,0.7777057679844459,8.0,15.0
1038,5.0,0.31756113051762463,8.0,14.0
1039,5.0,0.5429575215586074,8.0,13.0
1040,6.0,0.16034206306787815,8.0,13.0
1041,6.0,0.5812417437252312,8.0,15.0
1042,6.0,0.5844845908607864,8.0,16.0
1043,6.0,0.5594033031433138,8.0,16.0
1044,6.0,0.32180209171359614,8.0,14.0
1045,6.0,0.7125890736342043,8.0,14.0
1046,6.0,0.6394884092725819,8.0,16.0
1047,6.0,0.32679738562091504,8.0,14.0
1048,6.0,0.4432855280312908,8.0,14.0
1049,6.0,0.45297095656807884,8.0,13.0
1050,7.0,0.1601464195836193,8.0,13.0
1051,7.0,0.3385240352064997,8.0,14.0
1052,7.0,0.41171088746569073,8.0,14.0
1053,7.0,0.6347766946270688,8.0,15.0
1054,7.0,0.5078485687903971,8.0,15.0
1055,7.0,0.4880212954747116,8.0,14.0
1056,7.0,0.5495763682161667,8.0,14.0
1057,7.0,0.4363803399173174,8.0,15.0
1058,7.0,0.38724373576309795,8.0,14.0
1059,7.0,0.5048187241854061,8.0,14.0
1060,8.0,0.23842638585336778,8.0,15.0
1061,8.0,0.6083202511773941,8.0,16.0
1062,8.0,0.47827819848545233,8.0,15.0
1063,8.0,0.4158415841584159,8.0,14.0
1064,8.0,0.41411950305659634,8.0,14.0
1065,8.0,0.46683524606107757,8.0,17.0
1066,8.0,0.5598880223955209,8.0,16.0
1067,8.0,0.44336960902861755,8.0,15.0
1068,8.0,0.8109177215189873,8.0,15.0
1069,8.0,0.3181547027241996,8.0,15.0
1070,9.0,0.30045952633439377,8.0,15.0
1071,9.0,0.5439550798385682,8.0,15.0
1072,9.0,0.4152374074742733,8.0,14.0
1073,9.0,0.40223854494578526,8.0,15.0
1074,9.0,0.39497307001795334,8.0,14.0
1075,9.0,0.7974481658692184,8.0,18.0
1076,9.0,0.5358099660653688,8.0,17.0
1077,9.0,0.629156929714183,8.0,15.0
1078,9.0,0.49627791563275436,8.0,15.0
1079,9.0,0.6737588652482269,8.0,15.0
1080,10.0,0.3816186993162665,8.0,16.0
1081,10.0,0.5206689807510255,8.0,15.0
1082,10.0,0.9394904458598726,8.0,18.0
1083,10.0,0.5245588936576061,8.0,14.0
1084,10.0,0.5824937027707808,8.0,15.0
1085,10.0,0.574345883854499,8.0,20.0
1086,10.0,0.5155469631061704,8.0,18.0
1087,10.0,0.4696356275303644,8.0,15.0
1088,10.0,0.6326111023248459,8.0,15.0
1089,10.0,0.5596418292292933,8.0,17.0
1090,11.0,0.5176132278936018,8.0,17.0
1091,11.0,0.6051001296643135,8.0,17.0
1092,11.0,0.6535947712418301,8.0,16.0
1093,11.0,0.6454388984509466,8.0,16.0
1094,11.0,0.529479107040641,8.0,15.0
1095,11.0,0.6865970533543128,8.0,17.0
1096,11.0,0.5590701780197146,8.0,16.0
1097,11.0,0.55612468900922,8.0,16.0
1098,11.0,0.5611510791366906,8.0,14.0
1099,11.0,0.8906409694845963,8.0,15.0
1100,12.0,0.5031779661016949,8.0,17.0
1101,12.0,0.35899481451934584,8.0,17.0
1102,12.0,0.6492646084536902,8.0,16.0
1103,12.0,0.9366754617414248,8.0,17.0
1104,12.0,0.49382716049382713,8.0,16.0
1105,12.0,0.5845622425933307,8.0,17.0
1106,12.0,0.7676767676767676,8.0,16.0
1107,12.0,0.6529723847095633,8.0,16.0
1108,12.0,0.5156002115282919,8.0,16.0
1109,12.0,0.7468658308882369,8.0,18.0
1110,13.0,0.5384238864415075,8.0,17.0
1111,13.0,0.41539401343921806,8.0,15.0
1112,13.0,0.6499080318822809,8.0,17.0
1113,13.0,0.7104360607545321,8.0,17.0
1114,13.0,0.7171117705242335,8.0,16.0
1115,13.0,0.4943332529539426,8.0,18.0
1116,13.0,0.6951340615690168,8.0,15.0
1117,13.0,0.7271382795168844,8.0,16.0
1118,13.0,0.575839255084538,8.0,19.0
1119,13.0,0.6756756756756757,8.0,20.0
1120,14.0,0.6286432735169734,8.0,17.0
1121,14.0,0.5361624458133698,8.0,16.0
1122,14.0,0.44879171461449946,8.0,15.0
1123,14.0,0.6052992233896757,8.0,15.0
1124,14.0,0.9360730593607305,8.0,20.0
1125,14.0,0.6857014388489209,8.0,17.0
1126,14.0,0.7412555015056752,8.0,17.0
1127,14.0,0.7326846021751574,8.0,16.0
1128,14.0,0.602752189241442,8.0,17.0
1129,14.0,0.5221023320570832,8.0,16.0
1130,15.0,0.6391137622496805,8.0,17.0
1131,15.0,0.47689699025010596,8.0,15.0
1132,15.0,0.721102863202545,8.0,17.0
1133,15.0,0.9051724137931035,8.0,20.0
1134,15.0,0.7539267015706806,8.0,18.0
1135,15.0,0.6590136054421769,8.0,19.0
1136,15.0,0.6552094522019334,8.0,17.0
1137,15.0,0.5504587155963303,8.0,16.0
1138,15.0,0.8866371120962635,8.0,20.0
1139,15.0,0.7222517259691981,8.0,18.0
1140,16.0,0.7300730073007301,8.0,17.0
1141,16.0,0.6152014288549316,8.0,21.0
1142,16.0,0.6467018207143568,8.0,16.0
1143,16.0,0.9578926362003591,8.0,19.0
1144,16.0,0.5671077504725899,8.0,16.0
1145,16.0,0.8351560946510241,8.0,20.0
1146,16.0,0.6940951614525702,8.0,16.0
1147,16.0,0.7344913151364765,8.0,18.0
1148,16.0,0.8088675853804673,8.0,17.0
1149,16.0,0.6465088521981301,8.0,16.0
1150,17.0,0.714487167434427,8.0,17.0
1151,17.0,0.6360490131886634,8.0,17.0
1152,17.0,0.7463391591875295,8.0,18.0
1153,17.0,0.7449145258332538,8.0,22.0
1154,17.0,0.6750421901368836,8.0,19.0
1155,17.0,0.7374906646751307,8.0,19.0
1156,17.0,0.9104704097116844,8.0,21.0
1157,17.0,0.7295173961840629,8.0,20.0
1158,17.0,0.7350888620080022,8.0,17.0
1159,17.0,0.7618322064565279,8.0,17.0
1160,18.0,0.8711111111111111,8.0,20.0
1161,18.0,0.7423773751657092,8.0,18.0
1162,18.0,0.8012820512820512,8.0,23.0
1163,18.0,0.8406335722502434,8.0,20.0
1164,18.0,0.6639874191857418,8.0,16.0
1165,18.0,0.863664404688464,8.0,20.0
1166,18.0,0.8711270767849124,8.0,20.0
1167,18.0,0.8512902367650972,8.0,18.0
1168,18.0,0.6068601583113457,8.0,17.0
1169,18.0,0.6563567703650423,8.0,17.0
1170,19.0,0.8836896145430062,8.0,20.0
1171,19.0,0.8732891090771685,8.0,17.0
1172,19.0,1.0442105263157895,8.0,20.0
1173,19.0,1.1532547411583802,8.0,21.0
1174,19.0,0.8142365483085705,8.0,21.0
1175,19.0,1.148076761920724,8.0,20.0
1176,19.0,0.8839027706952236,8.0,21.0
1177,19.0,0.6225288129889796,8.0,17.0
1178,19.0,0.9803093044874504,8.0,19.0
1179,19.0,0.5777926645453023,8.0,17.0
1180,20.0,0.9603072983354672,8.0,20.0
1181,20.0,0.9343555342597029,8.0,19.0
1182,20.0,0.8418858242463116,8.0,17.0
1183,20.0,0.8341277407054337,8.0,21.0
1184,20.0,0.9312320916905444,8.0,21.0
1185,20.0,1.049534865230182,8.0,28.0
1186,20.0,0.8220502901353964,8.0,18.0
1187,20.0,1.415018491718926,8.0,23.0
1188,20.0,0.910458396009817,8.0,19.0
1189,20.0,0.905123646355261,8.0,18.0
1190,21.0,1.016508712931825,8.0,22.0
1191,21.0,0.8201701093560146,8.0,20.0
1192,21.0,1.1602335633578524,8.0,23.0
1193,21.0,0.8682956815736899,8.0,19.0
1194,21.0,1.0900832702498107,8.0,20.0
1195,21.0,0.710882553127127,8.0,18.0
1196,21.0,1.2041765109366664,8.0,19.0
1197,21.0,1.0111761575306013,8.0,28.0
1198,21.0,1.3011574249186777,8.0,22.0
1199,21.0,1.070046292782879,8.0,23.0
1200,22.0,1.0832424572882589,8.0,22.0
1201,22.0,0.8523548107483385,8.0,24.0
1202,22.0,0.6368043997394891,8.0,17.0
1203,22.0,0.9232121922626025,8.0,28.0
1204,22.0,0.9692585895117541,8.0,22.0
1205,22.0,0.8500216107189165,8.0,20.0
1206,22.0,0.8478912360207588,8.0,24.0
1207,22.0,1.0010155229943423,8.0,19.0
1208,22.0,0.8149603434475733,8.0,20.0
1209,22.0,0.9281415415850918,8.0,19.0
1210,23.0,1.1134307585247043,8.0,22.0
1211,23.0,0.87557288460223,8.0,20.0
1212,23.0,0.9196042914866935,8.0,23.0
1213,23.0,1.336935439179828,8.0,23.0
1214,23.0,1.0911602209944753,8.0,22.0
1215,23.0,0.8690853910884261,8.0,22.0
1216,23.0,1.245997494083252,8.0,28.0
1217,23.0,0.727499480357514,8.0,19.0
1218,23.0,0.9896878676725033,8.0,18.0
1219,23.0,1.0948136711348164,8.0,31.0
1220,24.0,1.1569918212647117,8.0,22.0
1221,24.0,0.9731080281412322,8.0,25.0
1222,24.0,1.6110853278525492,8.0,37.0
1223,24.0,1.0124036205162588,8.0,19.0
1224,24.0,1.1247849675797275,8.0,20.0
1225,24.0,1.4060220188353894,8.0,26.0
1226,24.0,1.4891485809682805,8.0,27.0
1227,24.0,1.159206647011525,8.0,27.0
1228,24.0,1.3455005661759807,8.0,26.0
1229,24.0,1.1337562424078822,8.0,22.0
1230,25.0,1.3228527607361964,8.0,27.0
1231,25.0,1.2975560594608213,8.0,33.0
1232,25.0,1.3812858052196053,8.0,29.0
1233,25.0,1.1507553841208615,8.0,20.0
1234,25.0,0.95448798988622,8.0,19.0
1235,25.0,0.787951960348224,8.0,22.0
1236,25.0,1.5582093364838112,8.0,22.0
1237,25.0,1.3631687242798354,8.0,23.0
1238,25.0,2.0493623501046887,8.0,27.0
1239,25.0,1.0427995649670527,8.0,21.0
1240,26.0,1.5037132510894249,8.0,23.0
1241,26.0,1.4116079001575184,8.0,22.0
1242,26.0,1.4655593551538837,8.0,29.0
1243,26.0,1.0272716155069095,8.0,23.0
1244,26.0,1.6327525283294748,8.0,27.0
1245,26.0,0.9000734753857457,8.0,21.0
1246,26.0,1.5135731356087996,8.0,28.0
1247,26.0,1.5459174283786272,8.0,38.0
1248,26.0,1.277249002149217,8.0,29.0
1249,26.0,1.016172005700477,8.0,26.0
1250,27.0,1.485998460718726,8.0,23.0
1251,27.0,1.6348455654814038,8.0,32.0
1252,27.0,1.0772944016012245,8.0,40.0
1253,27.0,1.7279887151757374,8.0,27.0
1254,27.0,1.2189376987398421,8.0,40.0
1255,27.0,1.7447362195410456,8.0,24.0
1256,27.0,1.0381242169321638,8.0,32.0
1257,27.0,1.458901672399478,8.0,51.0
1258,27.0,1.5252225519287834,8.0,25.0
1259,27.0,1.155115511551155,8.0,28.0
1260,28.0,1.695302243278726,8.0,26.0
1261,28.0,1.5411538895788641,8.0,36.0
1262,28.0,2.4613460663938156,8.0,42.0
1263,28.0,1.4565602330496374,8.0,24.0
1264,28.0,1.8209666439754937,8.0,26.0
1265,28.0,1.973534109057723,8.0,26.0
1266,28.0,1.197397962120776,8.0,20.0
1267,28.0,1.3500427228709768,8.0,42.0
1268,28.0,1.8085226630496214,8.0,29.0
1269,28.0,1.3230681494154548,8.0,32.0
1270,29.0,1.843191196698762,8.0,32.0
1271,29.0,1.547039851309244,8.0,28.0
1272,29.0,2.6917161063502526,8.0,34.0
1273,29.0,1.2580698559841086,8.0,33.0
1274,29.0,2.0051639839586883,8.0,32.0
1275,29.0,1.8181818181818181,8.0,28.0
1276,29.0,1.6067792879546579,8.0,31.0
1277,29.0,1.7054772056411938,8.0,27.0
1278,29.0,2.322374227714034,8.0,40.0
1279,29.0,1.6202810691650593,8.0,35.0
1280,30.0,1.9183760229567435,8.0,32.0
1281,30.0,1.7630502894163878,8.0,31.0
1282,30.0,2.1527667038749803,8.0,42.0
1283,30.0,2.2675254165114174,8.0,35.0
1284,30.0,1.5625,8.0,24.0
1285,30.0,2.158388403325517,8.0,37.0
1286,30.0,2.072178196615978,8.0,38.0
1287,30.0,2.898550724637681,8.0,52.0
1288,30.0,2.3474178403755865,8.0,43.0
1289,30.0,1.6766594152915582,8.0,36.0
1290,31.0,1.9977345278550096,8.0,32.0
1291,31.0,2.172350041084634,8.0,32.0
1292,31.0,1.312065860560844,8.0,31.0
1293,31.0,2.9591889249137973,8.0,38.0
1294,31.0,2.1430032733224222,8.0,37.0
1295,31.0,2.707701793145969,8.0,34.0
1296,31.0,1.6030613300237875,8.0,47.0
1297,31.0,2.026264491638453,8.0,29.0
1298,31.0,1.7041651650105543,8.0,28.0
1299,31.0,1.8798151001540833,8.0,28.0
1300,32.0,2.0219123505976095,8.0,32.0
1301,32.0,2.923046331278584,8.0,41.0
1302,32.0,1.9809390748964621,8.0,26.0
1303,32.0,2.784557907845579,8.0,63.0
1304,32.0,3.0032708890871245,8.0,44.0
1305,32.0,2.043664639617187,8.0,31.0
1306,32.0,2.534631600080305,8.0,33.0
1307,32.0,3.3277460067047917,8.0,65.0
1308,32.0,2.2362615322904134,8.0,34.0
1309,32.0,2.150805928439543,8.0,58.0
1310,33.0,2.2449176221215916,8.0,34.0
1311,33.0,2.4914461953640785,8.0,40.0
1312,33.0,2.4902084038489436,8.0,34.0
1313,33.0,3.339140534262486,8.0,38.0
1314,33.0,1.9082868679100176,8.0,27.0
1315,33.0,2.659138072486849,8.0,37.0
1316,33.0,1.8161456811763559,8.0,36.0
1317,33.0,2.567658028115138,8.0,48.0
1318,33.0,3.640153167563376,8.0,53.0
1319,33.0,3.195706826532586,8.0,51.0
1320,34.0,2.3835117072486796,8.0,34.0
1321,34.0,2.964732331038359,8.0,69.0
1322,34.0,3.9546160726896096,8.0,52.0
1323,34.0,4.908119257453591,8.0,79.0
1324,34.0,2.6531372183950848,8.0,34.0
1325,34.0,4.532047380495341,8.0,52.0
1326,34.0,2.1242371197426313,8.0,26.0
1327,34.0,3.1977013624988415,8.0,50.0
1328,34.0,3.115705990652882,8.0,35.0
1329,34.0,2.692343647751706,8.0,46.0
1330,35.0,4.075519651447763,8.0,93.0
1331,35.0,2.911559666469221,8.0,40.0
1332,35.0,4.301321022077982,8.0,52.0
1333,35.0,4.003643816898201,8.0,71.0
1334,35.0,3.255898202237015,8.0,52.0
1335,35.0,3.6954240613166656,8.0,50.0
1336,35.0,4.163040989237462,8.0,56.0
1337,35.0,5.132646549366396,8.0,65.0
1338,35.0,3.5324841931641164,8.0,47.0
1339,35.0,4.613155869437277,8.0,71.0
1340,36.0,4.707699095521729,8.0,69.0
1341,36.0,3.795730356984675,8.0,67.0
1342,36.0,10.295878986825178,8.0,156.0
1343,36.0,4.5665737422009824,8.0,88.0
1344,36.0,8.844287604764006,8.0,123.0
1345,36.0,2.286524571276643,8.0,56.0
1346,36.0,2.954616033006521,8.0,44.0
1347,36.0,11.002337169819642,8.0,143.0
1348,36.0,5.887862973370801,8.0,95.0
1349,36.0,12.356043956043957,8.0,190.0
1350,37.0,7.065801349550865,8.0,86.0
1351,37.0,6.826703443520235,8.0,162.0
1352,37.0,7.256392536281962,8.0,81.0
1353,37.0,8.216880939072107,8.0,145.0
1354,37.0,7.927012953479365,8.0,90.0
1355,37.0,7.016024252923343,8.0,88.0
1356,37.0,8.018342333076198,8.0,80.0
1357,37.0,5.795728556665519,8.0,88.0
1358,37.0,5.171224014491504,8.0,56.0
1359,37.0,5.197459986082116,8.0,59.0
1360,38.0,7.8216037221779775,8.0,78.0
1361,38.0,7.256912345575259,8.0,152.0
1362,38.0,11.885383453599598,8.0,155.0
1363,38.0,5.488212673465975,8.0,53.0
1364,38.0,10.30880060664785,8.0,133.0
1365,38.0,6.397575655541059,8.0,99.0
1366,38.0,16.61443316200744,8.0,215.0
1367,38.0,7.194880646655159,8.0,102.0
1368,38.0,28.426755574077934,8.0,379.0
1369,38.0,4.93138036681076,8.0,73.0
1370,39.0,12.542885149485377,8.0,177.0
1371,39.0,26.896127842655194,8.0,286.0
1372,39.0,14.535858937119011,8.0,159.0
1373,39.0,24.836654356560203,8.0,277.0
1374,39.0,23.016296539550922,8.0,275.0
1375,39.0,14.381065476434216,8.0,131.0
1376,39.0,9.057316472327146,8.0,130.0
1377,39.0,13.14241040200798,8.0,104.0
1378,39.0,17.9822055342421,8.0,217.0
1379,39.0,9.486552567237164,8.0,115.0
1380,40.0,14.084955611290258,8.0,177.0
1381,40.0,43.46538615446178,8.0,392.0
1382,40.0,54.6192731759742,8.0,531.0
1383,40.0,18.421999280546785,8.0,173.0
1384,40.0,31.681711536167334,8.0,333.0
1385,40.0,11.800248089312152,8.0,133.0
1386,40.0,32.3828345567476,8.0,260.0
1387,40.0,59.13858868404323,8.0,479.0
1388,40.0,31.661960467930616,8.0,266.0
1389,40.0,14.760733275136895,8.0,203.0
1390,41.0,15.844851685044262,8.0,173.0
1391,41.0,43.5802372775523,8.0,359.0
1392,41.0,74.28715521589014,8.0,417.0
1393,41.0,56.8886292834891,8.0,335.0
1394,41.0,12.565119353082965,8.0,125.0
1395,41.0,52.79617509895363,8.0,414.0
1396,41.0,73.44792798385845,8.0,462.0
1397,41.0,76.21025660934042,8.0,481.0
1398,41.0,78.10983892877935,8.0,406.0
1399,41.0,46.97807509377054,8.0,359.0
1400,42.0,81.39587667864573,8.0,433.0
1401,42.0,66.78924820866663,8.0,350.0
1402,42.0,83.17181621251852,8.0,391.0
1403,42.0,66.83081386471217,8.0,460.0
1404,42.0,81.62847169524966,8.0,424.0
1405,42.0,83.42402521859871,8.0,385.0
1406,42.0,82.65500190186383,8.0,384.0
1407,42.0,83.90557129367328,8.0,405.0
1408,42.0,82.84003486565355,8.0,429.0
1409,42.0,76.6286613689585,8.0,440.0
1410,43.0,85.83825701624815,8.0,391.0
1411,43.0,75.92530595543651,8.0,371.0
1412,43.0,80.27084340935302,8.0,418.0
1413,43.0,88.61068025703524,8.0,379.0
1414,43.0,88.63217628417716,8.0,474.0
1415,43.0,82.1546083034493,8.0,329.0
1416,43.0,87.8924429341804,8.0,414.0
1417,43.0,83.07902612036797,8.0,339.0
1418,43.0,85.09937451423073,8.0,372.0
1419,43.0,88.37638376383764,8.0,366.0
1420,44.0,91.6516147677191,8.0,381.0
1421,44.0,91.98742274747913,8.0,350.0
1422,44.0,91.64556962025317,8.0,331.0
1423,44.0,90.79703294305868,8.0,363.0
1424,44.0,89.97009263987161,8.0,359.0
1425,44.0,91.95514559594864,8.0,354.0
1426,44.0,91.6494658699982,8.0,378.0
1427,44.0,91.62509939998554,8.0,345.0
1428,44.0,91.37737961926092,8.0,336.0
1429,44.0,92.5466286662578,8.0,331.0
1430,45.0,93.70621948630864,8.0,360.0
1431,45.0,94.02206478446301,8.0,314.0
1432,45.0,93.51596234161535,8.0,314.0
1433,45.0,93.21949128322377,8.0,333.0
1434,45.0,94.53628961190032,8.0,330.0
1435,45.0,94.10709259780468,8.0,351.0
1436,45.0,92.83558774452374,8.0,323.0
1437,45.0,93.56440912477383,8.0,310.0
1438,45.0,93.86058032554848,8.0,343.0
1439,45.0,94.36455910340452,8.0,316.0
1440,46.0,95.73421972923374,8.0,340.0
1441,46.0,95.29760060587283,8.0,297.0
1442,46.0,95.07370456036179,8.0,310.0
1443,46.0,94.90133296209933,8.0,325.0
1444,46.0,94.90332108390287,8.0,289.0
1445,46.0,95.19858353006528,8.0,319.0
1446,46.0,95.81191568634215,8.0,314.0
1447,46.0,93.81944444444444,8.0,305.0
1448,46.0,96.01575728255986,8.0,311.0
1449,46.0,93.4886789831921,8.0,319.0
1450,47.0,96.51572668112797,8.0,320.0
1451,47.0,96.49453957125522,8.0,305.0
1452,47.0,95.89681088767013,8.0,302.0
1453,47.0,95.97740036538332,8.0,304.0
1454,47.0,96.73964297743348,8.0,308.0
1455,47.0,96.25675721619692,8.0,282.0
1456,47.0,96.90232495085745,8.0,309.0
1457,47.0,96.58154440940075,8.0,297.0
1458,47.0,96.01098081746086,8.0,302.0
1459,47.0,96.63811490672715,8.0,283.0
1460,48.0,97.24121904256026,8.0,287.0
1461,48.0,97.22948594882659,8.0,281.0
1462,48.0,96.53047022566855,8.0,291.0
1463,48.0,97.08808461411337,8.0,286.0
1464,48.0,96.77924849131465,8.0,288.0
1465,48.0,96.5059561336563,8.0,294.0
1466,48.0,96.89253344842469,8.0,281.0
1467,48.0,97.03082729367758,8.0,284.0
1468,48.0,97.2772525306518,8.0,284.0
1469,48.0,97.09999665898232,8.0,288.0
1470,49.0,97.82028759190578,8.0,286.0
1471,49.0,97.43614708077759,8.0,284.0
1472,49.0,97.82100409170617,8.0,279.0
1473,49.0,97.94649219407916,8.0,278.0
1474,49.0,97.70972555634853,8.0,289.0
1475,49.0,98.01935483870969,8.0,277.0
1476,49.0,98.0704670643069,8.0,281.0
1477,49.0,97.75371949045412,8.0,280.0
1478,49.0,97.83052826150403,8.0,281.0
1479,49.0,97.63093489965736,8.0,284.0
1480,50.0,98.51778656126481,8.0,284.0
1481,50.0,98.2075201375402,8.0,276.0
1482,50.0,98.16036983899251,8.0,279.0
1483,50.0,98.39112877379655,8.0,277.0
1484,50.0,98.46915947587088,8.0,282.0
1485,50.0,98.35748485905444,8.0,282.0
1486,50.0,98.29860447333206,8.0,274.0
1487,50.0,98.27767008802314,8.0,271.0
1488,50.0,98.80733362938527,8.0,277.0
1489,50.0,98.19828469022018,8.0,282.0
1490,51.0,98.8394222069697,8.0,276.0
1491,51.0,98.4763507197607,8.0,282.0
1492,51.0,98.68495033422877,8.0,278.0
1493,51.0,98.56016026042319,8.0,272.0
1494,51.0,98.6178709596905,8.0,277.0
1495,51.0,98.52378862909798,8.0,278.0
1496,51.0,98.57796153605211,8.0,271.0
1497,51.0,98.63381160324391,8.0,280.0
1498,51.0,98.8555704949814,8.0,286.0
1499,51.0,98.590625,8.0,282.0
1500,52.0,99.05735447144518,8.0,270.0
1501,52.0,98.88174019607843,8.0,272.0
1502,52.0,98.84449907805778,8.0,272.0
1503,52.0,98.95903496417856,8.0,271.0
1504,52.0,99.0423866670759,8.0,271.0
1505,52.0,98.74265534143149,8.0,275.0
1506,52.0,99.02264162504979,8.0,275.0
1507,52.0,98.6623928989706,8.0,271.0
1508,52.0,99.16898353243103,8.0,273.0
1509,52.0,98.93603936039361,8.0,277.0
1510,53.0,99.2908227657912,8.0,269.0
1511,53.0,99.13932705571882,8.0,272.0
1512,53.0,99.1564486488115,8.0,270.0
1513,53.0,99.08760767129866,8.0,271.0
1514,53.0,99.20680227142986,8.0,276.0
1515,53.0,99.17122094769083,8.0,272.0
1516,53.0,99.13813886210222,8.0,270.0
1517,53.0,99.24850452400277,8.0,271.0
1518,53.0,99.21595722310673,8.0,269.0
1519,53.0,99.18292828923741,8.0,271.0
1520,54.0,99.46899522095698,8.0,268.0
1521,54.0,99.36339522546419,8.0,281.0
1522,54.0,99.40095021689733,8.0,268.0
1523,54.0,99.13117747540791,8.0,273.0
1524,54.0,99.20274021142149,8.0,279.0
1525,54.0,99.29421492484423,8.0,267.0
1526,54.0,99.38481559255864,8.0,271.0
1527,54.0,99.37569939336828,8.0,266.0
1528,54.0,99.36330368034274,8.0,272.0
1529,54.0,99.32705646232401,8.0,271.0
1530,55.0,99.56548188059442,8.0,268.0
1531,55.0,99.35955023618396,8.0,271.0
1532,55.0,99.23706196333256,8.0,282.0
1533,55.0,99.37017883454193,8.0,269.0
1534,55.0,99.46922056193388,8.0,270.0
1535,55.0,99.51143360989853,8.0,267.0
1536,55.0,99.47337962962963,8.0,269.0
1537,55.0,99.4692330125401,8.0,267.0
1538,55.0,99.51709090909091,8.0,269.0
1539,55.0,99.39478180291316,8.0,267.0
1540,56.0,99.65569245653472,8.0,268.0
1541,56.0,99.4331453312824,8.0,266.0
1542,56.0,99.4899693981639,8.0,266.0
1543,56.0,99.53702388729513,8.0,273.0
1544,56.0,99.65992178200986,8.0,268.0
1545,56.0,99.64687270467259,8.0,273.0
1546,56.0,99.54774444698879,8.0,271.0
1547,56.0,99.5884303189665,8.0,269.0
1548,56.0,99.67268173279444,8.0,269.0
1549,56.0,99.68304731446847,8.0,271.0
1550,57.0,99.70635120396007,8.0,268.0
1551,57.0,99.55240999244693,8.0,265.0
1552,57.0,99.54318821202752,8.0,271.0
1553,57.0,99.57260182133079,8.0,269.0
1554,57.0,99.63526005123065,8.0,267.0
1555,57.0,99.63733749930257,8.0,265.0
1556,57.0,99.65682718598292,8.0,266.0
1557,57.0,99.64788732394366,8.0,266.0
1558,57.0,99.64842769050476,8.0,266.0
1559,57.0,99.65313715068953,8.0,272.0
1560,58.0,99.73629271508625,8.0,268.0
1561,58.0,99.72001097996157,8.0,268.0
1562,58.0,99.62648650133201,8.0,267.0
1563,58.0,99.629273650968,8.0,270.0
1564,58.0,99.6910542432196,8.0,268.0
1565,58.0,99.69942891493838,8.0,265.0
1566,58.0,99.75162399694307,8.0,266.0
1567,58.0,99.7711733568593,8.0,266.0
1568,58.0,99.7810198998166,8.0,272.0
1569,58.0,99.63068337254472,8.0,266.0
1570,59.0,99.75685532892071,8.0,265.0
1571,59.0,99.7395338741623,8.0,270.0
1572,59.0,99.76776214522968,8.0,273.0
1573,59.0,99.8022055436638,8.0,267.0
1574,59.0,99.71359865985788,8.0,269.0
1575,59.0,99.80060357835741,8.0,267.0
1576,59.0,99.77321814254859,8.0,266.0
1577,59.0,99.80699179035503,8.0,264.0
1578,59.0,99.80803028254698,8.0,265.0
1579,59.0,99.81839373322853,8.0,265.0
1580,60.0,99.80072271229675,8.0,265.0
1581,60.0,99.78272390037097,8.0,265.0
1582,60.0,99.77289122825768,8.0,265.0
1583,60.0,99.8801725515258,8.0,264.0
1584,60.0,99.80851063829788,8.0,268.0
1585,60.0,99.82991841398922,8.0,265.0
1586,60.0,99.7718348721214,8.0,266.0
1587,60.0,99.83181611895672,8.0,265.0
1588,60.0,99.78192649327163,8.0,266.0
1589,60.0,99.87233023911483,8.0,264.0
1590,61.0,99.85114384205578,8.0,265.0
1591,61.0,99.82909578523913,8.0,270.0
1592,61.0,99.85923203253304,8.0,265.0
1593,61.0,99.87766151283253,8.0,266.0
1594,61.0,99.89299230066554,8.0,267.0
1595,61.0,99.86176317162233,8.0,265.0
1596,61.0,99.77901988821006,8.0,267.0
1597,61.0,99.83786610878661,8.0,264.0
1598,61.0,99.8331116847897,8.0,265.0
1599,61.0,99.83366254288387,8.0,264.0
1600,62.0,99.88437226990081,8.0,265.0
1601,62.0,99.87178829683575,8.0,267.0
1602,62.0,99.9123801669931,8.0,267.0
1603,62.0,99.8771310090616,8.0,265.0
1604,62.0,99.90506735086593,8.0,264.0
1605,62.0,99.89682212133718,8.0,264.0
1606,62.0,99.88932643553909,8.0,268.0
1607,62.0,99.88423543939082,8.0,270.0
1608,62.0,99.86647836692771,8.0,264.0
1609,62.0,99.91768276997479,8.0,264.0
1610,63.0,99.91155585879261,8.0,265.0
1611,63.0,99.88377968671045,8.0,265.0
1612,63.0,99.85018536387183,8.0,264.0
1613,63.0,99.90914826498422,8.0,267.0
1614,63.0,99.93702453524106,8.0,267.0
1615,63.0,99.91133628879038,8.0,266.0
1616,63.0,99.87324764874388,8.0,264.0
1617,63.0,99.93173888860798,8.0,267.0
1618,63.0,99.9090219863533,8.0,263.0
1619,63.0,99.91144172865745,8.0,266.0
1620,64.0,99.93531050955414,8.0,265.0
1621,64.0,99.90803797782971,8.0,264.0
1622,64.0,99.94246835759668,8.0,268.0
1623,64.0,99.93289091044664,8.0,265.0
1624,64.0,99.9379868035918,8.0,266.0
1625,64.0,99.90298507462687,8.0,264.0
1626,64.0,99.932528675313,8.0,266.0
1627,64.0,99.90226543704892,8.0,266.0
1628,64.0,99.9104767115112,8.0,265.0
1629,64.0,99.9526338094882,8.0,265.0
1630,65.0,99.9436964504284,8.0,264.0
1631,65.0,99.9189009854759,8.0,265.0
1632,65.0,99.9409594095941,8.0,266.0
1633,65.0,99.95322155747594,8.0,264.0
1634,65.0,99.95602032838154,8.0,265.0
1635,65.0,99.91645370552389,8.0,264.0
1636,65.0,99.93382839497096,8.0,264.0
1637,65.0,99.95840164435853,8.0,264.0
1638,65.0,99.95821555855967,8.0,265.0
1639,65.0,99.95831903104006,8.0,265.0
1640,66.0,99.95902034519332,8.0,264.0
1641,66.0,99.94912297703266,8.0,264.0
1642,66.0,99.9273607748184,8.0,266.0
1643,66.0,99.93472269232629,8.0,264.0
1644,66.0,99.94954227636416,8.0,266.0
1645,66.0,99.92733086258266,8.0,268.0
1646,66.0,99.96604990663724,8.0,266.0
1647,66.0,99.89551440929193,8.0,265.0
1648,66.0,99.96385803435896,8.0,263.0
1649,66.0,99.94918453273968,8.0,264.0
1650,67.0,99.97390953725007,8.0,263.0
1651,67.0,99.97144692697552,8.0,264.0
1652,67.0,99.98089004610277,8.0,266.0
1653,67.0,99.95712039639811,8.0,264.0
1654,67.0,99.96210237097041,8.0,266.0
1655,67.0,99.95470150677093,8.0,264.0
1656,67.0,99.97141087339782,8.0,266.0
1657,67.0,99.97622670216812,8.0,264.0
1658,67.0,99.97382261250327,8.0,265.0
1659,67.0,99.96175908221797,8.0,263.0
1660,68.0,99.97662295158614,8.0,263.0
1661,68.0,99.96254155546191,8.0,266.0
1662,68.0,99.94829612220917,8.0,265.0
1663,68.0,99.9859164847546,8.0,265.0
1664,68.0,99.97902733437421,8.0,264.0
1665,68.0,99.9648357831071,8.0,265.0
1666,68.0,99.97427081140505,8.0,264.0
1667,68.0,99.98366546880104,8.0,263.0
1668,68.0,99.97888959256913,8.0,265.0
1669,68.0,99.97190748197397,8.0,264.0
1670,69.0,99.98616937900512,8.0,263.0
1671,69.0,99.96767266261806,8.0,264.0
1672,69.0,99.98369172704611,8.0,263.0
1673,69.0,99.98841788278897,8.0,264.0
1674,69.0,99.9884310141373,8.0,264.0
1675,69.0,99.97926076136049,8.0,263.0
1676,69.0,99.98147075854082,8.0,264.0
1677,69.0,99.97228381374723,8.0,263.0
1678,69.0,99.98149433263937,8.0,264.0
1679,69.0,99.98149732867682,8.0,264.0
1680,70.0,99.99318801089917,8.0,263.0
1681,70.0,99.97502100506392,8.0,265.0
1682,70.0,99.97028910981602,8.0,264.0
1683,70.0,99.98861618323392,8.0,264.0
1684,70.0,99.983999268538,8.0,264.0
1685,70.0,99.9840612049729,8.0,263.0
1686,70.0,99.99087653673334,8.0,268.0
1687,70.0,99.97501192612617,8.0,265.0
1688,70.0,99.98860658539364,8.0,266.0
1689,70.0,99.99542804891988,8.0,264.0
1690,71.0,99.99552322327924,8.0,263.0
1691,71.0,99.97532470445726,8.0,265.0
1692,71.0,99.99550844412505,8.0,266.0
1693,71.0,99.98202852970908,8.0,264.0
1694,71.0,99.99327474892395,8.0,262.0
1695,71.0,99.98197142470816,8.0,265.0
1696,71.0,99.99774774774775,8.0,265.0
1697,71.0,99.9842555105713,8.0,263.0
1698,71.0,99.97987117552334,8.0,267.0
1699,71.0,99.9932718831999,8.0,263.0
1700,72.0,99.99337455830388,8.0,263.0
1701,72.0,99.9779268938725,8.0,263.0
1702,72.0,99.99778951789385,8.0,264.0
1703,72.0,99.98675847457628,8.0,264.0
1704,72.0,99.97792299540798,8.0,264.0
1705,72.0,99.98452525699126,8.0,264.0
1706,72.0,99.99112058248978,8.0,264.0
1707,72.0,99.99114005360268,8.0,263.0
1708,72.0,99.99116373597244,8.0,263.0
1709,72.0,99.99779764788795,8.0,263.0
1710,73.0,99.9978220625068,8.0,263.0
1711,73.0,99.99129677980852,8.0,264.0
1712,73.0,99.99563756925359,8.0,264.0
1713,73.0,99.99563414101725,8.0,263.0
1714,73.0,99.99125453670908,8.0,264.0
1715,73.0,99.9956490525812,8.0,263.0
1716,73.0,99.99782674838093,8.0,265.0
1717,73.0,99.99563309242559,8.0,263.0
1718,73.0,99.99344090253182,8.0,263.0
1719,73.0,99.99128312412832,8.0,263.0
1720,74.0,99.99785066414478,8.0,263.0
1721,74.0,100.0,8.0,264.0
1722,74.0,99.99141354513256,8.0,263.0
1723,74.0,99.99136926595607,8.0,263.0
1724,74.0,99.9957108237363,8.0,264.0
1725,74.0,99.99568751751946,8.0,263.0
1726,74.0,99.99785089510219,8.0,265.0
1727,74.0,99.9913741050634,8.0,264.0
1728,74.0,99.99784347976106,8.0,263.0
1729,74.0,99.99570299071846,8.0,264.0
1730,75.0,99.99787748864456,8.0,263.0
1731,75.0,99.99576019672686,8.0,263.0
1732,75.0,99.99787910922588,8.0,264.0
1733,75.0,99.9935952177626,8.0,265.0
1734,75.0,99.99787978373794,8.0,263.0
1735,75.0,99.99361185639452,8.0,263.0
1736,75.0,100.0,8.0,265.0
1737,75.0,99.99574522401396,8.0,263.0
1738,75.0,99.99574766653201,8.0,263.0
1739,75.0,99.99361362426824,8.0,263.0
1740,76.0,99.99790523272864,8.0,262.0
1741,76.0,99.99580343279197,8.0,263.0
1742,76.0,99.99790698647914,8.0,264.0
1743,76.0,99.99789796733441,8.0,263.0
1744,76.0,99.9979068550497,8.0,263.0
1745,76.0,99.99790755581594,8.0,264.0
1746,76.0,100.0,8.0,265.0
1747,76.0,99.99790615381394,8.0,262.0
1748,76.0,99.9978977905779,8.0,265.0
1749,76.0,99.9979075120318,8.0,263.0
1750,77.0,99.99793281653747,8.0,262.0
1751,77.0,100.0,8.0,262.0
1752,77.0,99.99793482301433,8.0,264.0
1753,77.0,100.0,8.0,263.0
1754,77.0,100.0,8.0,263.0
1755,77.0,100.0,8.0,264.0
1756,77.0,100.0,8.0,263.0
1757,77.0,100.0,8.0,263.0
1758,77.0,99.99793371353005,8.0,263.0
1759,77.0,99.99587015775997,8.0,263.0
1760,78.0,99.99795930861376,8.0,262.0
1761,78.0,100.0,8.0,263.0
1762,78.0,100.0,8.0,264.0
1763,78.0,100.0,8.0,263.0
1764,78.0,99.9979586837593,8.0,263.0
1765,78.0,99.99590306655467,8.0,263.0
1766,78.0,99.99590993680853,8.0,263.0
1767,78.0,100.0,8.0,263.0
1768,78.0,99.99590968586386,8.0,264.0
1769,78.0,100.0,8.0,264.0
1770,79.0,100.0,8.0,262.0
1771,79.0,99.99798004282309,8.0,263.0
1772,79.0,100.0,8.0,262.0
1773,79.0,100.0,8.0,263.0
1774,79.0,100.0,8.0,263.0
1775,79.0,100.0,8.0,264.0
1776,79.0,100.0,8.0,264.0
1777,79.0,100.0,8.0,263.0
1778,79.0,99.99594928504881,8.0,264.0
1779,79.0,100.0,8.0,263.0
1780,80.0,100.0,8.0,262.0
1781,80.0,100.0,8.0,263.0
1782,80.0,99.99600543261164,8.0,263.0
1783,80.0,100.0,8.0,262.0
1784,80.0,100.0,8.0,263.0
1785,80.0,99.99601498366142,8.0,262.0
1786,80.0,100.0,8.0,263.0
1787,80.0,100.0,8.0,263.0
1788,80.0,100.0,8.0,264.0
1789,80.0,99.99800911823846,8.0,263.0
1790,81.0,100.0,8.0,262.0
1791,81.0,100.0,8.0,263.0
1792,81.0,100.0,8.0,263.0
1793,81.0,99.99803555642865,8.0,264.0
1794,81.0,99.9921483953283,8.0,263.0
1795,81.0,100.0,8.0,262.0
1796,81.0,100.0,8.0,263.0
1797,81.0,100.0,8.0,262.0
1798,81.0,100.0,8.0,263.0
1799,81.0,99.99409925060483,8.0,263.0
1800,82.0,100.0,8.0,262.0
1801,82.0,100.0,8.0,263.0
1802,82.0,100.0,8.0,263.0
1803,82.0,100.0,8.0,263.0
1804,82.0,100.0,8.0,264.0
1805,82.0,99.99804763764155,8.0,263.0
1806,82.0,100.0,8.0,263.0
1807,82.0,100.0,8.0,263.0
1808,82.0,100.0,8.0,263.0
1809,82.0,100.0,8.0,263.0
1810,83.0,100.0,8.0,262.0
1811,83.0,100.0,8.0,264.0
1812,83.0,100.0,8.0,263.0
1813,83.0,100.0,8.0,262.0
1814,83.0,100.0,8.0,262.0
1815,83.0,100.0,8.0,263.0
1816,83.0,100.0,8.0,262.0
1817,83.0,99.99808135072908,8.0,262.0
1818,83.0,100.0,8.0,262.0
1819,83.0,100.0,8.0,263.0
1820,84.0,100.0,8.0,262.0
1821,84.0,100.0,8.0,263.0
1822,84.0,100.0,8.0,262.0
1823,84.0,100.0,8.0,262.0
1824,84.0,100.0,8.0,263.0
1825,84.0,100.0,8.0,262.0
1826,84.0,100.0,8.0,263.0
1827,84.0,100.0,8.0,262.0
1828,84.0,100.0,8.0,262.0
1829,84.0,100.0,8.0,263.0
1830,85.0,100.0,8.0,262.0
1831,85.0,100.0,8.0,263.0
1832,85.0,100.0,8.0,262.0
1833,85.0,100.0,8.0,263.0
1834,85.0,100.0,8.0,263.0
1835,85.0,100.0,8.0,263.0
1836,85.0,100.0,8.0,263.0
1837,85.0,100.0,8.0,263.0
1838,85.0,100.0,8.0,262.0
1839,85.0,100.0,8.0,262.0
1840,86.0,100.0,8.0,262.0
1841,86.0,100.0,8.0,263.0
1842,86.0,100.0,8.0,262.0
1843,86.0,100.0,8.0,262.0
1844,86.0,100.0,8.0,262.0
1845,86.0,100.0,8.0,262.0
1846,86.0,100.0,8.0,262.0
1847,86.0,100.0,8.0,262.0
1848,86.0,100.0,8.0,262.0
1849,86.0,100.0,8.0,262.0
1850,87.0,100.0,8.0,262.0
1851,87.0,100.0,8.0,263.0
1852,87.0,100.0,8.0,262.0
1853,87.0,100.0,8.0,262.0
1854,87.0,100.0,8.0,262.0
1855,87.0,100.0,8.0,263.0
1856,87.0,100.0,8.0,263.0
1857,87.0,100.0,8.0,262.0
1858,87.0,100.0,8.0,262.0
1859,87.0,99.99816735696221,8.0,263.0
1860,88.0,100.0,8.0,262.0
1861,88.0,100.0,8.0,263.0
1862,88.0,100.0,8.0,263.0
1863,88.0,100.0,8.0,263.0
1864,88.0,100.0,8.0,262.0
1865,88.0,100.0,8.0,263.0
1866,88.0,100.0,8.0,263.0
1867,88.0,100.0,8.0,262.0
1868,88.0,100.0,8.0,262.0
1869,88.0,100.0,8.0,262.0
1870,89.0,100.0,8.0,262.0
1871,89.0,100.0,8.0,262.0
1872,89.0,100.0,8.0,262.0
1873,89.0,100.0,8.0,262.0
1874,89.0,100.0,8.0,262.0
1875,89.0,100.0,8.0,262.0
1876,89.0,100.0,8.0,263.0
1877,89.0,100.0,8.0,262.0
1878,89.0,100.0,8.0,262.0
1879,89.0,100.0,8.0,263.0
1880,90.0,100.0,8.0,262.0
1881,90.0,100.0,8.0,263.0
1882,90.0,100.0,8.0,262.0
1883,90.0,100.0,8.0,263.0
1884,90.0,100.0,8.0,263.0
1885,90.0,100.0,8.0,263.0
1886,90.0,100.0,8.0,262.0
1887,90.0,100.0,8.0,262.0
1888,90.0,100.0,8.0,262.0
1889,90.0,100.0,8.0,262.0
1890,91.0,100.0,8.0,262.0
1891,91.0,100.0,8.0,263.0
1892,91.0,100.0,8.0,262.0
1893,91.0,100.0,8.0,262.0
1894,91.0,100.0,8.0,262.0
1895,91.0,100.0,8.0,262.0
1896,91.0,100.0,8.0,262.0
1897,91.0,100.0,8.0,262.0
1898,91.0,100.0,8.0,262.0
1899,91.0,100.0,8.0,262.0
1900,92.0,100.0,8.0,262.0
1901,92.0,100.0,8.0,262.0
1902,92.0,100.0,8.0,262.0
1903,92.0,100.0,8.0,262.0
1904,92.0,100.0,8.0,262.0
1905,92.0,100.0,8.0,262.0
1906,92.0,100.0,8.0,262.0
1907,92.0,100.0,8.0,262.0
1908,92.0,100.0,8.0,262.0
1909,92.0,100.0,8.0,262.0
1910,93.0,100.0,8.0,262.0
1911,93.0,100.0,8.0,262.0
1912,93.0,100.0,8.0,262.0
1913,93.0,100.0,8.0,263.0
1914,93.0,100.0,8.0,262.0
1915,93.0,100.0,8.0,262.0
1916,93.0,100.0,8.0,262.0
1917,93.0,100.0,8.0,262.0
1918,93.0,100.0,8.0,262.0
1919,93.0,100.0,8.0,262.0
1920,94.0,100.0,8.0,262.0
1921,94.0,100.0,8.0,262.0
1922,94.0,100.0,8.0,262.0
1923,94.0,100.0,8.0,263.0
1924,94.0,100.0,8.0,262.0
1925,94.0,100.0,8.0,262.0
1926,94.0,100.0,8.0,262.0
1927,94.0,100.0,8.0,262.0
1928,94.0,100.0,8.0,262.0
1929,94.0,100.0,8.0,262.0
1930,95.0,100.0,8.0,262.0
1931,95.0,100.0,8.0,262.0
1932,95.0,100.0,8.0,262.0
1933,95.0,100.0,8.0,262.0
1934,95.0,100.0,8.0,262.0
1935,95.0,100.0,8.0,262.0
1936,95.0,100.0,8.0,262.0
1937,95.0,100.0,8.0,262.0
1938,95.0,100.0,8.0,262.0
1939,95.0,100.0,8.0,262.0
1940,96.0,100.0,8.0,262.0
1941,96.0,100.0,8.0,262.0
1942,96.0,100.0,8.0,262.0
1943,96.0,100.0,8.0,262.0
1944,96.0,100.0,8.0,262.0
1945,96.0,100.0,8.0,262.0
1946,96.0,100.0,8.0,262.0
1947,96.0,100.0,8.0,262.0
1948,96.0,100.0,8.0,262.0
1949,96.0,100.0,8.0,262.0
1950,97.0,100.0,8.0,262.0
1951,97.0,100.0,8.0,262.0
1952,97.0,100.0,8.0,262.0
1953,97.0,100.0,8.0,262.0
1954,97.0,100.0,8.0,262.0
1955,97.0,100.0,8.0,263.0
1956,97.0,100.0,8.0,262.0
1957,97.0,100.0,8.0,262.0
1958,97.0,100.0,8.0,262.0
1959,97.0,100.0,8.0,262.0
1960,98.0,100.0,8.0,262.0
1961,98.0,100.0,8.0,262.0
1962,98.0,100.0,8.0,262.0
1963,98.0,100.0,8.0,262.0
1964,98.0,100.0,8.0,262.0
1965,98.0,100.0,8.0,262.0
1966,98.0,100.0,8.0,262.0
1967,98.0,100.0,8.0,262.0
1968,98.0,100.0,8.0,262.0
1969,98.0,100.0,8.0,262.0
1970,99.0,100.0,8.0,262.0
1971,99.0,100.0,8.0,262.0
1972,99.0,100.0,8.0,262.0
1973,99.0,100.0,8.0,262.0
1974,99.0,100.0,8.0,262.0
1975,99.0,100.0,8.0,262.0
1976,99.0,100.0,8.0,262.0
1977,99.0,100.0,8.0,262.0
1978,99.0,100.0,8.0,262.0
1979,99.0,100.0,8.0,262.0
